observationID,deploymentID,mediaID,eventID,eventStart,eventEnd,observationLevel,observationType,cameraSetupType,scientificName,count,lifeStage,sex,behavior,individualID,individualPositionRadius,individualPositionAngle,individualSpeed,bboxX,bboxY,bboxWidth,bboxHeight,classificationMethod,classifiedBy,classificationTimestamp,classificationProbability,observationTags,observationComments
6854075aa0f1c93c2f5f5d1e,665938b4a122a53b9a6eb5b6,195b5a499b3b415eded514ca0c06a1c3,6b508802,2024-05-31 13:18:32+00:00,2024-05-31 13:18:32+00:00,media,animal,,Actitis macularius,1.0,,,,,,,,,,,,,683f486421c406ebaaac857e,2025-06-19T12:49:30Z,,,
68537440e8fb244275045e56,665938b4a122a53b9a6eb5b6,39bce853d60b123c9bdb4317f5990007,6b508802,2024-05-31 13:20:31+00:00,2024-05-31 13:20:31+00:00,media,animal,,Actitis macularius,1.0,,,,,,,,,,,,,683f486421c406ebaaac857e,2025-06-19T02:21:52Z,,,
68540cf53f4cf01b6e11f316,665938b4a122a53b9a6eb5b6,39bce853d60b123c9bdb4317f5990007,6b508802,2024-05-31 13:20:31+00:00,2024-05-31 13:20:31+00:00,media,animal,,Actitis macularius,1.0,,,,,,,,,,,,,683f486421c406ebaaac857e,2025-06-19T13:13:25Z,,,
68540d383f4cf01b6e11f343,665938b4a122a53b9a6eb5b6,31b543c3c9168498431e06bacae7297f,6b508802,2024-05-31 13:21:00+00:00,2024-05-31 13:21:00+00:00,media,animal,,Actitis macularius,1.0,,,,,,,,,,,,,683f486421c406ebaaac857e,2025-06-19T13:14:32Z,,,
68540d7f3f4cf01b6e11f37e,665938b4a122a53b9a6eb5b6,67eaecce06ef6e772f7e63262dbac12a,6b508802,2024-05-31 13:21:27+00:00,2024-05-31 13:21:27+00:00,media,animal,,Actitis macularius,1.0,,,,,,,,,,,,,683f486421c406ebaaac857e,2025-06-19T13:15:43Z,,,
685411553f4cf01b6e11f3c0,665938b4a122a53b9a6eb5b6,4af5347e93ba21eaafe7b3f4999adf84,a50f39aa,2024-05-31 13:24:54+00:00,2024-05-31 13:24:54+00:00,media,animal,,Actitis macularius,1.0,,,,,,,,,,,,,683f486421c406ebaaac857e,2025-06-19T13:32:05Z,,,
685414b63f4cf01b6e11f3e4,665938b4a122a53b9a6eb5b6,e71b1a3ad4306e52964f133ba3c25a04,af6c06cc,2024-05-31 13:35:50+00:00,2024-05-31 13:35:50+00:00,media,animal,,Actitis macularius,1.0,,,,,,,,,,,,,683f486421c406ebaaac857e,2025-06-19T13:46:30Z,,,
685414d83f4cf01b6e11f408,665938b4a122a53b9a6eb5b6,57296e4833bceceac87c0a69a3f4c8a0,af6c06cc,2024-05-31 13:36:55+00:00,2024-05-31 13:36:55+00:00,media,animal,,Actitis macularius,1.0,,,,,,,,,,,,,683f486421c406ebaaac857e,2025-06-19T13:47:04Z,,,
685414f53f4cf01b6e11f42b,665938b4a122a53b9a6eb5b6,c1aff0bc684de719d70483dd1f0d92ef,af6c06cc,2024-05-31 13:37:31+00:00,2024-05-31 13:37:31+00:00,media,animal,,Actitis macularius,1.0,,,,,,,,,,,,,683f486421c406ebaaac857e,2025-06-19T13:47:33Z,,,
6854150e3f4cf01b6e11f44f,665938b4a122a53b9a6eb5b6,e96fe7181bc8e5eeccb50f234b87f813,4ad3239d,2024-05-31 13:46:23+00:00,2024-05-31 13:46:23+00:00,media,animal,,Actitis macularius,1.0,,,,,,,,,,,,,683f486421c406ebaaac857e,2025-06-19T13:47:58Z,,,
685415263f4cf01b6e11f472,665938b4a122a53b9a6eb5b6,76f9c26344b14c8cbff2138a4988b7b5,4ad3239d,2024-05-31 13:46:53+00:00,2024-05-31 13:46:53+00:00,media,animal,,Actitis macularius,1.0,,,,,,,,,,,,,683f486421c406ebaaac857e,2025-06-19T13:48:22Z,,,
684c7c9ec6d6ef7053e8d356,665938b4a122a53b9a6eb5b6,a104c646a3e892458a4e9b6cbab984c2,bc71d32c,2024-06-10 19:05:46+00:00,2024-06-10 19:05:46+00:00,media,animal,,Actitis macularius,1.0,,,,,,,,,,,,,683f486421c406ebaaac857e,2025-06-13T19:31:42Z,,,
68536eb0e8fb244275045c69,665938b4a122a53b9a6eb5b6,d58f3fb016b27d51ee57700f7ebb3a1a,5a02909b,2024-06-14 11:20:22+00:00,2024-06-14 11:20:22+00:00,media,animal,,Actitis macularius,1.0,,,,,,,,,,,,,683f486421c406ebaaac857e,2025-06-19T01:58:08Z,,,
68536ef7e8fb244275045c7a,665938b4a122a53b9a6eb5b6,8717619ab1e3e376e02bc8c0d3213691,b2858177,2024-06-14 11:24:35+00:00,2024-06-14 11:24:35+00:00,media,animal,,Actitis macularius,1.0,,,,,,,,,,,,,683f486421c406ebaaac857e,2025-06-19T01:59:19Z,,,
671be76885737602b9359ff9,665938b4a122a53b9a6eb5b6,439b12368cd3d8742df18144bc873b57,45996fd7,2024-01-13 16:33:07+00:00,2024-01-13 16:33:07+00:00,media,animal,,Amphibia,1.0,,,,,,,,,,,,,5e94888191fc50001775feb5,2024-10-25T18:46:00Z,,,
6799c1340ca0fb15469cdab2,665938b4a122a53b9a6eb5b6,5157fb68f515242674a0b2877d757e2e,a830f579,2024-05-22 09:57:13+00:00,2024-05-22 09:57:13+00:00,media,animal,,Amphibia,1.0,,,,,,,,,,,,,5e94888191fc50001775feb5,2025-01-29T05:48:36Z,,,
6848a3c4b7055edab119b162,665938b4a122a53b9a6eb5b6,8a8176ec952953d044249d005ed77366,bcfe7b6c,2024-05-30 08:26:21+00:00,2024-05-30 08:26:21+00:00,media,animal,,Anas platyrhynchos,1.0,,,,,,,,,,,,,683f486421c406ebaaac857e,2025-06-10T21:29:40Z,,,
6848a3c7b7055edab119b17e,665938b4a122a53b9a6eb5b6,7f6eaba55b80caf10b094b41198db93d,bcfe7b6c,2024-05-30 08:26:22+00:00,2024-05-30 08:26:22+00:00,media,animal,,Anas platyrhynchos,1.0,,,,,,,,,,,,,683f486421c406ebaaac857e,2025-06-10T21:29:43Z,,,
6848a3cab7055edab119b19a,665938b4a122a53b9a6eb5b6,b18e8f04303650983c3761fe09de0d2b,e8ec563c,2024-05-30 09:06:33+00:00,2024-05-30 09:06:33+00:00,media,animal,,Anas platyrhynchos,1.0,,,,,,,,,,,,,683f486421c406ebaaac857e,2025-06-10T21:29:46Z,,,
6848a3a8b7055edab119b09b,665938b4a122a53b9a6eb5b6,2a4fbcc7bd74bd0455e33fc86215c11a,c24bcb27,2024-06-01 14:05:51+00:00,2024-06-01 14:05:51+00:00,media,animal,,Anas platyrhynchos,1.0,,,,,,,,,,,,,683f486421c406ebaaac857e,2025-06-10T21:29:12Z,,,
6848a3abb7055edab119b0b7,665938b4a122a53b9a6eb5b6,081a1cbfcd526bf5765dae439c9d30ef,fa38cd5a,2024-06-01 14:15:02+00:00,2024-06-01 14:15:02+00:00,media,animal,,Anas platyrhynchos,1.0,,,,,,,,,,,,,683f486421c406ebaaac857e,2025-06-10T21:29:15Z,,,
6848a3afb7055edab119b0d3,665938b4a122a53b9a6eb5b6,84a8d1a76a7a3e00ca97a3e67a1fe87e,fa38cd5a,2024-06-01 14:15:03+00:00,2024-06-01 14:15:03+00:00,media,animal,,Anas platyrhynchos,1.0,,,,,,,,,,,,,683f486421c406ebaaac857e,2025-06-10T21:29:19Z,,,
6848a3b1b7055edab119b0ef,665938b4a122a53b9a6eb5b6,4704f577646eb15699f6f6ced8f23689,fa38cd5a,2024-06-01 14:15:54+00:00,2024-06-01 14:15:54+00:00,media,animal,,Anas platyrhynchos,1.0,,,,,,,,,,,,,683f486421c406ebaaac857e,2025-06-10T21:29:21Z,,,
6848a3b3b7055edab119b10b,665938b4a122a53b9a6eb5b6,9e6ca7906c89659bfe1b90544e1ebd1b,fa38cd5a,2024-06-01 14:17:23+00:00,2024-06-01 14:17:23+00:00,media,animal,,Anas platyrhynchos,1.0,,,,,,,,,,,,,683f486421c406ebaaac857e,2025-06-10T21:29:23Z,,,
6848a3b7b7055edab119b127,665938b4a122a53b9a6eb5b6,47dee8a7ddd4f43b6a6eb53b5071c4b1,fa38cd5a,2024-06-01 14:17:54+00:00,2024-06-01 14:17:54+00:00,media,animal,,Anas platyrhynchos,1.0,,,,,,,,,,,,,683f486421c406ebaaac857e,2025-06-10T21:29:27Z,,,
6848a3bab7055edab119b143,665938b4a122a53b9a6eb5b6,a43d957bc2bf93451129285b8c78bf1b,fa38cd5a,2024-06-01 14:17:55+00:00,2024-06-01 14:17:55+00:00,media,animal,,Anas platyrhynchos,1.0,,,,,,,,,,,,,683f486421c406ebaaac857e,2025-06-10T21:29:30Z,,,
6848a3d1b7055edab119b1b9,665938b4a122a53b9a6eb5b6,d2430a783c7a8000dc6d608ef7259df5,417f759d,2024-06-07 11:10:25+00:00,2024-06-07 11:10:25+00:00,media,animal,,Anas platyrhynchos,1.0,,,,,,,,,,,,,683f486421c406ebaaac857e,2025-06-10T21:29:53Z,,,
6791a2176ef346603ac74791,665938b4a122a53b9a6eb5b6,32f3dacbc9e293fbe500554c928355d7,4e8d8a37,2024-06-23 08:29:03+00:00,2024-06-23 08:29:03+00:00,media,animal,,Anas platyrhynchos,5.0,,,,,,,,,,,,,5e94888191fc50001775feb5,2025-01-23T01:57:43Z,,,
672165b244f6d8c605a3e884,665938b4a122a53b9a6eb5b6,3bee6d2c724255f97a9a5fd538601d7e,c1e7e9fd,2023-12-12 05:44:30+00:00,2023-12-12 05:44:30+00:00,media,animal,,Anaxyrus americanus,2.0,,,,,,,,,,,,,5e94888191fc50001775feb5,2024-10-29T22:46:10Z,,,
67202f016149488186162af4,665938b4a122a53b9a6eb5b6,9174e34fa0a059e4ff5cd74d99388573,c1e186a1,2023-12-18 08:08:53+00:00,2023-12-18 08:08:53+00:00,media,animal,,Apalone spinifera,1.0,,,,,,,,,,,,,5e94888191fc50001775feb5,2024-10-29T00:40:33Z,,,
671be0f685737602b9359ec4,665938b4a122a53b9a6eb5b6,ceca3cc2725a2735c24dbfb8531d669c,8d29c3ac,2024-01-13 16:41:28+00:00,2024-01-13 16:41:28+00:00,media,animal,,Apalone spinifera,2.0,,,,,,,,,,,,,5e94888191fc50001775feb5,2024-10-25T18:18:30Z,,,
6854075aa0f1c93c2f5f5d1d,665938b4a122a53b9a6eb5b6,195b5a499b3b415eded514ca0c06a1c3,aa9a4c4b,2024-05-31 13:18:32+00:00,2024-05-31 13:18:32+00:00,media,animal,,Apalone spinifera,1.0,,,,,,,,,,,,,683f486421c406ebaaac857e,2025-06-19T12:49:30Z,,,
68537440e8fb244275045e54,665938b4a122a53b9a6eb5b6,39bce853d60b123c9bdb4317f5990007,aa9a4c4b,2024-05-31 13:20:31+00:00,2024-05-31 13:20:31+00:00,media,animal,,Apalone spinifera,2.0,,,,,,,,,,,,,683f486421c406ebaaac857e,2025-06-19T02:21:52Z,,,
68540cf53f4cf01b6e11f315,665938b4a122a53b9a6eb5b6,39bce853d60b123c9bdb4317f5990007,aa9a4c4b,2024-05-31 13:20:31+00:00,2024-05-31 13:20:31+00:00,media,animal,,Apalone spinifera,2.0,,,,,,,,,,,,,683f486421c406ebaaac857e,2025-06-19T13:13:25Z,,,
68540d383f4cf01b6e11f342,665938b4a122a53b9a6eb5b6,31b543c3c9168498431e06bacae7297f,aa9a4c4b,2024-05-31 13:21:00+00:00,2024-05-31 13:21:00+00:00,media,animal,,Apalone spinifera,2.0,,,,,,,,,,,,,683f486421c406ebaaac857e,2025-06-19T13:14:32Z,,,
68540d623f4cf01b6e11f365,665938b4a122a53b9a6eb5b6,82cb67a47952273acdbe3c43ac261258,aa9a4c4b,2024-05-31 13:21:01+00:00,2024-05-31 13:21:01+00:00,media,animal,,Apalone spinifera,2.0,,,,,,,,,,,,,683f486421c406ebaaac857e,2025-06-19T13:15:14Z,,,
68540d7f3f4cf01b6e11f37d,665938b4a122a53b9a6eb5b6,67eaecce06ef6e772f7e63262dbac12a,aa9a4c4b,2024-05-31 13:21:27+00:00,2024-05-31 13:21:27+00:00,media,animal,,Apalone spinifera,2.0,,,,,,,,,,,,,683f486421c406ebaaac857e,2025-06-19T13:15:43Z,,,
68540d983f4cf01b6e11f3a0,665938b4a122a53b9a6eb5b6,ec5968efb04370862322e136e2eb3cc4,aa9a4c4b,2024-05-31 13:24:27+00:00,2024-05-31 13:24:27+00:00,media,animal,,Apalone spinifera,2.0,,,,,,,,,,,,,683f486421c406ebaaac857e,2025-06-19T13:16:08Z,,,
685411553f4cf01b6e11f3bf,665938b4a122a53b9a6eb5b6,4af5347e93ba21eaafe7b3f4999adf84,aa9a4c4b,2024-05-31 13:24:54+00:00,2024-05-31 13:24:54+00:00,media,animal,,Apalone spinifera,2.0,,,,,,,,,,,,,683f486421c406ebaaac857e,2025-06-19T13:32:05Z,,,
685414b63f4cf01b6e11f3e3,665938b4a122a53b9a6eb5b6,e71b1a3ad4306e52964f133ba3c25a04,03bb2515,2024-05-31 13:35:50+00:00,2024-05-31 13:35:50+00:00,media,animal,,Apalone spinifera,2.0,,,,,,,,,,,,,683f486421c406ebaaac857e,2025-06-19T13:46:30Z,,,
685414d83f4cf01b6e11f407,665938b4a122a53b9a6eb5b6,57296e4833bceceac87c0a69a3f4c8a0,03bb2515,2024-05-31 13:36:55+00:00,2024-05-31 13:36:55+00:00,media,animal,,Apalone spinifera,2.0,,,,,,,,,,,,,683f486421c406ebaaac857e,2025-06-19T13:47:04Z,,,
685414f53f4cf01b6e11f42a,665938b4a122a53b9a6eb5b6,c1aff0bc684de719d70483dd1f0d92ef,03bb2515,2024-05-31 13:37:31+00:00,2024-05-31 13:37:31+00:00,media,animal,,Apalone spinifera,2.0,,,,,,,,,,,,,683f486421c406ebaaac857e,2025-06-19T13:47:33Z,,,
6854150e3f4cf01b6e11f44e,665938b4a122a53b9a6eb5b6,e96fe7181bc8e5eeccb50f234b87f813,0e341cfa,2024-05-31 13:46:23+00:00,2024-05-31 13:46:23+00:00,media,animal,,Apalone spinifera,2.0,,,,,,,,,,,,,683f486421c406ebaaac857e,2025-06-19T13:47:58Z,,,
685415263f4cf01b6e11f471,665938b4a122a53b9a6eb5b6,76f9c26344b14c8cbff2138a4988b7b5,0e341cfa,2024-05-31 13:46:53+00:00,2024-05-31 13:46:53+00:00,media,animal,,Apalone spinifera,2.0,,,,,,,,,,,,,683f486421c406ebaaac857e,2025-06-19T13:48:22Z,,,
685415683f4cf01b6e11f494,665938b4a122a53b9a6eb5b6,dc75f5d8ca24613cf6e3893973684b52,253712f1,2024-05-31 13:56:33+00:00,2024-05-31 13:56:33+00:00,media,animal,,Apalone spinifera,3.0,,,,,,,,,,,,,683f486421c406ebaaac857e,2025-06-19T13:49:28Z,,,
6854158c3f4cf01b6e11f4ac,665938b4a122a53b9a6eb5b6,3a3ee0a352c97b66e1d4062e431f1311,253712f1,2024-05-31 13:58:55+00:00,2024-05-31 13:58:55+00:00,media,animal,,Apalone spinifera,3.0,,,,,,,,,,,,,683f486421c406ebaaac857e,2025-06-19T13:50:04Z,,,
6848a3f3b7055edab119b1f7,665938b4a122a53b9a6eb5b6,7aa4d9358116f95465a351d207f3aaf3,78a2e6be,2024-06-23 12:25:45+00:00,2024-06-23 12:25:45+00:00,media,animal,,Ardea herodias,1.0,,,,,,,,,,,,,683f486421c406ebaaac857e,2025-06-10T21:30:27Z,,,
6848a3f6b7055edab119b213,665938b4a122a53b9a6eb5b6,16da5881bbace303487edfe8a6e282b5,78a2e6be,2024-06-23 12:25:46+00:00,2024-06-23 12:25:46+00:00,media,animal,,Ardea herodias,1.0,,,,,,,,,,,,,683f486421c406ebaaac857e,2025-06-10T21:30:30Z,,,
67830ac2fd73cc47a3cc289d,665938b4a122a53b9a6eb5b6,3b507ba034947147ad4f389668929993,7e6a7668,2024-08-19 18:29:58+00:00,2024-08-19 18:29:58+00:00,media,animal,,Ardea herodias,1.0,,,,,,,,,,,,,5e94888191fc50001775feb5,2025-01-12T00:20:18Z,,,
67830ac7fd73cc47a3cc28ab,665938b4a122a53b9a6eb5b6,e5f782a07c637cadf5f1b1e168b003a7,7e6a7668,2024-08-19 18:32:39+00:00,2024-08-19 18:32:39+00:00,media,animal,,Ardea herodias,1.0,,,,,,,,,,,,,5e94888191fc50001775feb5,2025-01-12T00:20:23Z,,,
67830ac9fd73cc47a3cc28b9,665938b4a122a53b9a6eb5b6,65b70962603f129b197b6857940342ff,30d8188e,2024-08-19 18:36:10+00:00,2024-08-19 18:36:10+00:00,media,animal,,Ardea herodias,1.0,,,,,,,,,,,,,5e94888191fc50001775feb5,2025-01-12T00:20:25Z,,,
67830acbfd73cc47a3cc28c7,665938b4a122a53b9a6eb5b6,25326d2777842f1926f585a391fb5c37,30d8188e,2024-08-19 18:36:11+00:00,2024-08-19 18:36:11+00:00,media,animal,,Ardea herodias,1.0,,,,,,,,,,,,,5e94888191fc50001775feb5,2025-01-12T00:20:27Z,,,
67830accfd73cc47a3cc28d5,665938b4a122a53b9a6eb5b6,1bc315afd0e7b3ca98c2d5b8114eeff4,30d8188e,2024-08-19 18:38:43+00:00,2024-08-19 18:38:43+00:00,media,animal,,Ardea herodias,1.0,,,,,,,,,,,,,5e94888191fc50001775feb5,2025-01-12T00:20:28Z,,,
67830acdfd73cc47a3cc28e3,665938b4a122a53b9a6eb5b6,b34f67cbf22a3e378cf54fcf04f1564c,30d8188e,2024-08-19 18:38:44+00:00,2024-08-19 18:38:44+00:00,media,animal,,Ardea herodias,1.0,,,,,,,,,,,,,5e94888191fc50001775feb5,2025-01-12T00:20:29Z,,,
67830acffd73cc47a3cc28f1,665938b4a122a53b9a6eb5b6,631c73df9e14f7ea769981bc8eb854b6,30d8188e,2024-08-19 18:41:13+00:00,2024-08-19 18:41:13+00:00,media,animal,,Ardea herodias,1.0,,,,,,,,,,,,,5e94888191fc50001775feb5,2025-01-12T00:20:31Z,,,
67830ad0fd73cc47a3cc28ff,665938b4a122a53b9a6eb5b6,488094763786a3073d42700e2f2a22fb,30d8188e,2024-08-19 18:41:14+00:00,2024-08-19 18:41:14+00:00,media,animal,,Ardea herodias,1.0,,,,,,,,,,,,,5e94888191fc50001775feb5,2025-01-12T00:20:32Z,,,
67830ad2fd73cc47a3cc290d,665938b4a122a53b9a6eb5b6,753ace478f8cf83f5876fd3139dc69f8,30d8188e,2024-08-19 18:44:10+00:00,2024-08-19 18:44:10+00:00,media,animal,,Ardea herodias,1.0,,,,,,,,,,,,,5e94888191fc50001775feb5,2025-01-12T00:20:34Z,,,
67830ad3fd73cc47a3cc291b,665938b4a122a53b9a6eb5b6,872ab9ad90b46ceafba829fbf04bb2f6,30d8188e,2024-08-19 18:46:43+00:00,2024-08-19 18:46:43+00:00,media,animal,,Ardea herodias,1.0,,,,,,,,,,,,,5e94888191fc50001775feb5,2025-01-12T00:20:35Z,,,
67830ad5fd73cc47a3cc2929,665938b4a122a53b9a6eb5b6,c0b9d7dd5d8826349092bea85b9493ac,1581d58a,2024-08-19 18:50:29+00:00,2024-08-19 18:50:29+00:00,media,animal,,Ardea herodias,1.0,,,,,,,,,,,,,5e94888191fc50001775feb5,2025-01-12T00:20:37Z,,,
67830ad6fd73cc47a3cc2937,665938b4a122a53b9a6eb5b6,f17b36b915f42fd24d5d2596450dfc04,1581d58a,2024-08-19 18:53:06+00:00,2024-08-19 18:53:06+00:00,media,animal,,Ardea herodias,1.0,,,,,,,,,,,,,5e94888191fc50001775feb5,2025-01-12T00:20:38Z,,,
67830ad8fd73cc47a3cc2945,665938b4a122a53b9a6eb5b6,57a817629946be4163707aa763a0f0a7,1581d58a,2024-08-19 18:53:07+00:00,2024-08-19 18:53:07+00:00,media,animal,,Ardea herodias,1.0,,,,,,,,,,,,,5e94888191fc50001775feb5,2025-01-12T00:20:40Z,,,
67830ad9fd73cc47a3cc2953,665938b4a122a53b9a6eb5b6,de7699b1a58886af8e23c99893886e71,1581d58a,2024-08-19 18:55:39+00:00,2024-08-19 18:55:39+00:00,media,animal,,Ardea herodias,1.0,,,,,,,,,,,,,5e94888191fc50001775feb5,2025-01-12T00:20:41Z,,,
67830adafd73cc47a3cc2961,665938b4a122a53b9a6eb5b6,78fd0c255642f4ed02fc8e5cf23f3b17,1581d58a,2024-08-19 18:55:40+00:00,2024-08-19 18:55:40+00:00,media,animal,,Ardea herodias,1.0,,,,,,,,,,,,,5e94888191fc50001775feb5,2025-01-12T00:20:42Z,,,
67904b66b46e9bd2265bb299,665938b4a122a53b9a6eb5b6,78fd0c255642f4ed02fc8e5cf23f3b17,1581d58a,2024-08-19 18:55:40+00:00,2024-08-19 18:55:40+00:00,media,animal,,Ardea herodias,1.0,,,,,,,,,,,,,5e94888191fc50001775feb5,2025-01-22T01:35:34Z,,,
67904c02b46e9bd2265bb2b3,665938b4a122a53b9a6eb5b6,78fd0c255642f4ed02fc8e5cf23f3b17,1581d58a,2024-08-19 18:55:40+00:00,2024-08-19 18:55:40+00:00,media,animal,,Ardea herodias,1.0,,,,,,,,,,,,,5e94888191fc50001775feb5,2025-01-22T01:38:10Z,,,
67904c96b46e9bd2265bb2cb,665938b4a122a53b9a6eb5b6,78fd0c255642f4ed02fc8e5cf23f3b17,1581d58a,2024-08-19 18:55:40+00:00,2024-08-19 18:55:40+00:00,media,animal,,Ardea herodias,1.0,,,,,,,,,,,,,5e94888191fc50001775feb5,2025-01-22T01:40:38Z,,,
67904dca755ee5df37dae91d,665938b4a122a53b9a6eb5b6,78fd0c255642f4ed02fc8e5cf23f3b17,1581d58a,2024-08-19 18:55:40+00:00,2024-08-19 18:55:40+00:00,media,animal,,Ardea herodias,1.0,,,,,,,,,,,,,5e94888191fc50001775feb5,2025-01-22T01:45:46Z,,,
679052dc07fcd0e626f5ab79,665938b4a122a53b9a6eb5b6,78fd0c255642f4ed02fc8e5cf23f3b17,1581d58a,2024-08-19 18:55:40+00:00,2024-08-19 18:55:40+00:00,media,animal,,Ardea herodias,1.0,,,,,,,,,,,,,5e94888191fc50001775feb5,2025-01-22T02:07:24Z,,,
6791a6258ca63b32f657b70f,665938b4a122a53b9a6eb5b6,2b5ba642dc9099fcddd0fdbf978ab892,ce6463d1,2024-05-14 16:02:23+00:00,2024-05-14 16:02:23+00:00,media,animal,,Aves,1.0,,,,,,,,,,,,,5e94888191fc50001775feb5,2025-01-23T02:15:01Z,,,
6721666244f6d8c605a3e8b4,665938b4a122a53b9a6eb5b6,60e146de00f70cd080a4f3aa7d6b3a5a,7d1db659,2023-12-15 09:03:20+00:00,2023-12-15 09:03:20+00:00,media,animal,,Branta canadensis,1.0,,,,,,,,,,,,,5e94888191fc50001775feb5,2024-10-29T22:49:06Z,,,
6848ab3ce2b5a96ac98bc2ba,665938b4a122a53b9a6eb5b6,160e4ff8e0600c9e85aac7e9bf09433d,e5e4ece9,2024-04-23 22:06:55+00:00,2024-04-23 22:06:55+00:00,media,animal,,Branta canadensis,1.0,,,,,,,,,,,,,683f486421c406ebaaac857e,2025-06-10T22:01:32Z,,,
6848ab49e2b5a96ac98bc2cd,665938b4a122a53b9a6eb5b6,eec8b9838608469991dc1036ed7e9bab,e5e4ece9,2024-04-23 22:07:00+00:00,2024-04-23 22:07:00+00:00,media,animal,,Branta canadensis,1.0,,,,,,,,,,,,,683f486421c406ebaaac857e,2025-06-10T22:01:45Z,,,
6848ab4de2b5a96ac98bc2df,665938b4a122a53b9a6eb5b6,c72a2ce00e11a20e365b438918c6c5c9,e5e4ece9,2024-04-23 22:08:25+00:00,2024-04-23 22:08:25+00:00,media,animal,,Branta canadensis,1.0,,,,,,,,,,,,,683f486421c406ebaaac857e,2025-06-10T22:01:49Z,,,
6848ab4fe2b5a96ac98bc2f1,665938b4a122a53b9a6eb5b6,6e5ff5b33b20457148f7a0e0ba4ee2da,e5e4ece9,2024-04-23 22:08:30+00:00,2024-04-23 22:08:30+00:00,media,animal,,Branta canadensis,1.0,,,,,,,,,,,,,683f486421c406ebaaac857e,2025-06-10T22:01:51Z,,,
6848ab52e2b5a96ac98bc303,665938b4a122a53b9a6eb5b6,6007a1075c0c3891460cba84e19a7fb4,a04fefe7,2024-04-23 22:13:16+00:00,2024-04-23 22:13:16+00:00,media,animal,,Branta canadensis,1.0,,,,,,,,,,,,,683f486421c406ebaaac857e,2025-06-10T22:01:54Z,,,
67a1513df7c2437e18712d60,665938b4a122a53b9a6eb5b6,accdc8661b0065df49f2c8bb7f37f73c,df8c9d91,2024-05-22 13:08:50+00:00,2024-05-22 13:08:50+00:00,media,animal,,Branta canadensis,3.0,,,,,,,,,,,,,5e94888191fc50001775feb5,2025-02-03T23:29:01Z,,,
67a15140f7c2437e18712d6f,665938b4a122a53b9a6eb5b6,f2e67ec0ac1bc3687ddb9f70ebc1fa83,df8c9d91,2024-05-22 13:08:56+00:00,2024-05-22 13:08:56+00:00,media,animal,,Branta canadensis,3.0,,,,,,,,,,,,,5e94888191fc50001775feb5,2025-02-03T23:29:04Z,,,
6848a409b7055edab119b22b,665938b4a122a53b9a6eb5b6,3295d3db0cb81e1eb441a8ca4406e0cd,b3c90d85,2024-06-05 08:55:41+00:00,2024-06-05 08:55:41+00:00,media,animal,,Branta canadensis,2.0,,,,,,,,,,,,,683f486421c406ebaaac857e,2025-06-10T21:30:49Z,,,
6848a40cb7055edab119b23d,665938b4a122a53b9a6eb5b6,dcb61a0caf024402b03cc58ddaee0dc0,b3c90d85,2024-06-05 08:56:24+00:00,2024-06-05 08:56:24+00:00,media,animal,,Branta canadensis,2.0,,,,,,,,,,,,,683f486421c406ebaaac857e,2025-06-10T21:30:52Z,,,
6848a40fb7055edab119b24f,665938b4a122a53b9a6eb5b6,c8aaf9862e812cea3b49d7a28ea1f6dd,b3c90d85,2024-06-05 08:56:25+00:00,2024-06-05 08:56:25+00:00,media,animal,,Branta canadensis,2.0,,,,,,,,,,,,,683f486421c406ebaaac857e,2025-06-10T21:30:55Z,,,
6848a411b7055edab119b261,665938b4a122a53b9a6eb5b6,d7d99bf65f533cbdfefc47e834b89837,b3c90d85,2024-06-05 08:57:39+00:00,2024-06-05 08:57:39+00:00,media,animal,,Branta canadensis,2.0,,,,,,,,,,,,,683f486421c406ebaaac857e,2025-06-10T21:30:57Z,,,
6848a413b7055edab119b273,665938b4a122a53b9a6eb5b6,63c56dec4d888df866abb2cb15ab46f8,b3c90d85,2024-06-05 08:58:18+00:00,2024-06-05 08:58:18+00:00,media,animal,,Branta canadensis,2.0,,,,,,,,,,,,,683f486421c406ebaaac857e,2025-06-10T21:30:59Z,,,
6848a417b7055edab119b285,665938b4a122a53b9a6eb5b6,7fa523cc3099bbf8eb4d7cc9c510f23c,b3c90d85,2024-06-05 09:00:02+00:00,2024-06-05 09:00:02+00:00,media,animal,,Branta canadensis,1.0,,,,,,,,,,,,,683f486421c406ebaaac857e,2025-06-10T21:31:03Z,,,
6848a41ab7055edab119b297,665938b4a122a53b9a6eb5b6,41bf8f923d466636da37a4f299e0ddf1,b3c90d85,2024-06-05 09:00:03+00:00,2024-06-05 09:00:03+00:00,media,animal,,Branta canadensis,1.0,,,,,,,,,,,,,683f486421c406ebaaac857e,2025-06-10T21:31:06Z,,,
6848a41db7055edab119b2a9,665938b4a122a53b9a6eb5b6,d82a4f117b2d0d56f0ded8f8cd8ca9b5,b3c90d85,2024-06-05 09:00:29+00:00,2024-06-05 09:00:29+00:00,media,animal,,Branta canadensis,1.0,,,,,,,,,,,,,683f486421c406ebaaac857e,2025-06-10T21:31:09Z,,,
6848a41fb7055edab119b2bb,665938b4a122a53b9a6eb5b6,ad7aa639a89bf2a933be8feec0ee4a7f,b3c90d85,2024-06-05 09:00:30+00:00,2024-06-05 09:00:30+00:00,media,animal,,Branta canadensis,1.0,,,,,,,,,,,,,683f486421c406ebaaac857e,2025-06-10T21:31:11Z,,,
6848a427b7055edab119b2d0,665938b4a122a53b9a6eb5b6,1a2bd9b3e7594d65a55b0e1943ed7c07,d1b2483e,2024-06-09 19:41:57+00:00,2024-06-09 19:41:57+00:00,media,animal,,Branta canadensis,2.0,,,,,,,,,,,,,683f486421c406ebaaac857e,2025-06-10T21:31:19Z,,,
684c7c7dc6d6ef7053e8d343,665938b4a122a53b9a6eb5b6,54f8ead61532ceffa0f86e74a2fd23b7,aca6f7a3,2024-06-10 19:05:09+00:00,2024-06-10 19:05:09+00:00,media,animal,,Branta canadensis,3.0,,,,,,,,,,,,,683f486421c406ebaaac857e,2025-06-13T19:31:09Z,,,
683f931fa70767ee0f6a937d,665938b4a122a53b9a6eb5b6,dd8d0c9d8053053565b83919dabc2406,ed86a44d,2024-07-13 14:32:29+00:00,2024-07-13 14:32:29+00:00,media,animal,,Branta canadensis,1.0,,,,,,,,,,,,,683f486421c406ebaaac857e,2025-06-04T00:28:15Z,,,
683f9328a70767ee0f6a93b8,665938b4a122a53b9a6eb5b6,b4d8fd2d3b1295806672f92f742faaad,ed86a44d,2024-07-13 14:34:43+00:00,2024-07-13 14:34:43+00:00,media,animal,,Branta canadensis,1.0,,,,,,,,,,,,,683f486421c406ebaaac857e,2025-06-04T00:28:25Z,,,
683f9337a70767ee0f6a941c,665938b4a122a53b9a6eb5b6,469d7f363bc6cb4110eaa3960806f3c6,3a6b3c0e,2024-07-13 14:39:44+00:00,2024-07-13 14:39:44+00:00,media,animal,,Branta canadensis,1.0,,,,,,,,,,,,,683f486421c406ebaaac857e,2025-06-04T00:28:39Z,,,
683f9347a70767ee0f6a946d,665938b4a122a53b9a6eb5b6,39087e34c33fe95c19ad70e9379fa083,3a6b3c0e,2024-07-13 14:41:46+00:00,2024-07-13 14:41:46+00:00,media,animal,,Branta canadensis,1.0,,,,,,,,,,,,,683f486421c406ebaaac857e,2025-06-04T00:28:55Z,,,
683f934da70767ee0f6a9494,665938b4a122a53b9a6eb5b6,6a53ff5aee66ee644a6d836138607ca2,9d4cced2,2024-07-13 14:52:26+00:00,2024-07-13 14:52:26+00:00,media,animal,,Branta canadensis,1.0,,,,,,,,,,,,,683f486421c406ebaaac857e,2025-06-04T00:29:01Z,,,
683f9351a70767ee0f6a94a8,665938b4a122a53b9a6eb5b6,49b460ed187e96478311904e9aaeef1c,9d4cced2,2024-07-13 14:55:24+00:00,2024-07-13 14:55:24+00:00,media,animal,,Branta canadensis,1.0,,,,,,,,,,,,,683f486421c406ebaaac857e,2025-06-04T00:29:05Z,,,
684c8ae3ccc6c32db84ea30f,665938b4a122a53b9a6eb5b6,615251831248626e2e4dc665f0e9a8ce,4bea4a6f,2024-01-28 13:38:48+00:00,2024-01-28 13:38:48+00:00,media,animal,,Canis familiaris,1.0,,,,,,,,,,,,,683f486421c406ebaaac857e,2025-06-13T20:32:35Z,,,
6848a38cb7055edab119b043,665938b4a122a53b9a6eb5b6,1b9b0eaa0886e3d11506559a6dd9062c,d5ef0644,2024-03-11 14:39:21+00:00,2024-03-11 14:39:21+00:00,media,animal,,Canis familiaris,1.0,,,,,,,,,,,,,683f486421c406ebaaac857e,2025-06-10T21:28:44Z,,,
6848a390b7055edab119b058,665938b4a122a53b9a6eb5b6,b6be7c227799982addda41299124ce6d,ff4c8fea,2024-03-11 14:43:19+00:00,2024-03-11 14:43:19+00:00,media,animal,,Canis familiaris,1.0,,,,,,,,,,,,,683f486421c406ebaaac857e,2025-06-10T21:28:48Z,,,
6848a393b7055edab119b078,665938b4a122a53b9a6eb5b6,eb785b1eccea7e951c0174f991c81c83,ff4c8fea,2024-03-11 14:43:46+00:00,2024-03-11 14:43:46+00:00,media,animal,,Canis familiaris,1.0,,,,,,,,,,,,,683f486421c406ebaaac857e,2025-06-10T21:28:51Z,,,
6848a385b7055edab119b02e,665938b4a122a53b9a6eb5b6,ea9d2cfea916f7a41a0d8c57485e4902,33e7bbd6,2024-04-08 09:05:57+00:00,2024-04-08 09:05:57+00:00,media,animal,,Canis familiaris,1.0,,,,,,,,,,,,,683f486421c406ebaaac857e,2025-06-10T21:28:37Z,,,
68535aade8fb2442750458d9,665938b4a122a53b9a6eb5b6,f693a8bb4ca84ad91147267763017f7b,77bf54ca,2024-04-24 17:49:42+00:00,2024-04-24 17:49:42+00:00,media,animal,,Canis familiaris,1.0,,,,,,,,,,,,,683f486421c406ebaaac857e,2025-06-19T00:32:45Z,,,
68535acbe8fb2442750458ea,665938b4a122a53b9a6eb5b6,e17194f88498f4c2596a572bb766ae14,77bf54ca,2024-04-24 17:51:14+00:00,2024-04-24 17:51:14+00:00,media,animal,,Canis familiaris,1.0,,,,,,,,,,,,,683f486421c406ebaaac857e,2025-06-19T00:33:15Z,,,
68535b21e8fb2442750459a1,665938b4a122a53b9a6eb5b6,e17194f88498f4c2596a572bb766ae14,77bf54ca,2024-04-24 17:51:14+00:00,2024-04-24 17:51:14+00:00,media,animal,,Canis familiaris,1.0,,,,,,,,,,,,,683f486421c406ebaaac857e,2025-06-19T00:34:41Z,,,
67904d33755ee5df37dae853,665938b4a122a53b9a6eb5b6,bd1508e80adb7269c04c4dc2294c5f7b,54f6dcbd,2024-05-16 18:35:30+00:00,2024-05-16 18:35:30+00:00,media,animal,,Canis familiaris,1.0,,,,,,,,,,,,,5e94888191fc50001775feb5,2025-01-22T01:43:15Z,,,
6799b5d790fab55e91fae663,665938b4a122a53b9a6eb5b6,36f0e8490f714bad75d9a3e75f1f3677,35760ce3,2024-08-07 14:12:55+00:00,2024-08-07 14:12:55+00:00,media,animal,,Canis familiaris,1.0,,,,,,,,,,,,,5e94888191fc50001775feb5,2025-01-29T05:00:07Z,,,
6799b5f690fab55e91fae68b,665938b4a122a53b9a6eb5b6,8249d2aa861a8bf28fe06314daa9dd9b,35760ce3,2024-08-07 14:14:03+00:00,2024-08-07 14:14:03+00:00,media,animal,,Canis familiaris,1.0,,,,,,,,,,,,,5e94888191fc50001775feb5,2025-01-29T05:00:38Z,,,
6799b60a90fab55e91faea36,665938b4a122a53b9a6eb5b6,2625b4c49aabfe287a7ea19e86ed8442,35760ce3,2024-08-07 14:16:39+00:00,2024-08-07 14:16:39+00:00,media,animal,,Canis familiaris,1.0,,,,,,,,,,,,,5e94888191fc50001775feb5,2025-01-29T05:00:58Z,,,
6799b61390fab55e91faea46,665938b4a122a53b9a6eb5b6,b42107a4146f5ba04c3214c990e88129,35760ce3,2024-08-07 14:17:24+00:00,2024-08-07 14:17:24+00:00,media,animal,,Canis familiaris,1.0,,,,,,,,,,,,,5e94888191fc50001775feb5,2025-01-29T05:01:07Z,,,
6789a384150678d1efdb66af,665938b4a122a53b9a6eb5b6,dac09f906ddde0c4fea8e9d950159774,c32f201c,2024-12-17 12:23:32+00:00,2024-12-17 12:23:32+00:00,media,animal,,Canis familiaris,1.0,,,,,,,,,,,,,5e94888191fc50001775feb5,2025-01-17T00:25:40Z,,,
6789a388150678d1efdb66ca,665938b4a122a53b9a6eb5b6,d7c36eab0e2c64f661259c5ead7d2547,c32f201c,2024-12-17 12:23:34+00:00,2024-12-17 12:23:34+00:00,media,animal,,Canis familiaris,1.0,,,,,,,,,,,,,5e94888191fc50001775feb5,2025-01-17T00:25:44Z,,,
6848a3e4b7055edab119b1d8,665938b4a122a53b9a6eb5b6,e72214e24961e77fab2f8f08e06624a9,f870baf8,2024-12-22 11:45:02+00:00,2024-12-22 11:45:02+00:00,media,animal,,Canis familiaris,1.0,,,,,,,,,,,,,683f486421c406ebaaac857e,2025-06-10T21:30:12Z,,,
67216a9744f6d8c605a3e95d,665938b4a122a53b9a6eb5b6,a3526b9bb4e5f13f1c1ce0a91600190a,9c6f0316,2023-12-12 11:13:46+00:00,2023-12-12 11:13:46+00:00,media,animal,,Canis latrans,1.0,,,,,,,,,,,,,5e94888191fc50001775feb5,2024-10-29T23:07:03Z,,,
67216c2d44f6d8c605a3ea4e,665938b4a122a53b9a6eb5b6,9cfa4f6626f60c546903ed11d3884186,74d60fa0,2023-12-12 11:51:59+00:00,2023-12-12 11:51:59+00:00,media,animal,,Canis latrans,1.0,,,,,,,,,,,,,5e94888191fc50001775feb5,2024-10-29T23:13:49Z,,,
67216c5d44f6d8c605a3ea7a,665938b4a122a53b9a6eb5b6,091f3a0a30c0a10ceabe6a94c822c1c7,ff4a769e,2023-12-12 12:12:56+00:00,2023-12-12 12:12:56+00:00,media,animal,,Canis latrans,1.0,,,,,,,,,,,,,5e94888191fc50001775feb5,2024-10-29T23:14:37Z,,,
671be17785737602b9359f26,665938b4a122a53b9a6eb5b6,dd9a1011d668f6a9f8a114d09e467426,d0a3af84,2023-12-15 13:36:59+00:00,2023-12-15 13:36:59+00:00,media,animal,,Canis latrans,3.0,,,,,,,,,,,,,5e94888191fc50001775feb5,2024-10-25T18:20:39Z,,,
671be1be85737602b9359f51,665938b4a122a53b9a6eb5b6,dd9a1011d668f6a9f8a114d09e467426,d0a3af84,2023-12-15 13:36:59+00:00,2023-12-15 13:36:59+00:00,media,animal,,Canis latrans,3.0,,,,,,,,,,,,,5e94888191fc50001775feb5,2024-10-25T18:21:50Z,,,
671be1e785737602b9359f7b,665938b4a122a53b9a6eb5b6,dd9a1011d668f6a9f8a114d09e467426,d0a3af84,2023-12-15 13:36:59+00:00,2023-12-15 13:36:59+00:00,media,animal,,Canis latrans,3.0,,,,,,,,,,,,,5e94888191fc50001775feb5,2024-10-25T18:22:31Z,,,
671be20485737602b9359fa4,665938b4a122a53b9a6eb5b6,dd9a1011d668f6a9f8a114d09e467426,d0a3af84,2023-12-15 13:36:59+00:00,2023-12-15 13:36:59+00:00,media,animal,,Canis latrans,3.0,,,,,,,,,,,,,5e94888191fc50001775feb5,2024-10-25T18:23:00Z,,,
67215d2244f6d8c605a3e811,665938b4a122a53b9a6eb5b6,b5cd83152c8748f300a57eada32e9daf,ea9ea373,2023-12-18 07:11:57+00:00,2023-12-18 07:11:57+00:00,media,animal,,Canis latrans,2.0,,,,,,,,,,,,,5e94888191fc50001775feb5,2024-10-29T22:09:38Z,,,
672163f844f6d8c605a3e824,665938b4a122a53b9a6eb5b6,86bf42c09adf7256d8e65ccc35c3ee73,ea9ea373,2023-12-18 07:12:09+00:00,2023-12-18 07:12:09+00:00,media,animal,,Canis latrans,1.0,,,,,,,,,,,,,5e94888191fc50001775feb5,2024-10-29T22:38:48Z,,,
6722fad31154da4fb47d811e,665938b4a122a53b9a6eb5b6,ee18cec34af9f0e1a6d9f2c26953c92b,21e82491,2024-01-14 00:04:38+00:00,2024-01-14 00:04:38+00:00,media,animal,,Canis latrans,1.0,,,,,,,,,,,,,5e94888191fc50001775feb5,2024-10-31T03:34:43Z,,,
6722fad91154da4fb47d812c,665938b4a122a53b9a6eb5b6,ad0a16aaadedb7b086eb61c37ca16787,db0b5dab,2024-01-14 02:11:02+00:00,2024-01-14 02:11:02+00:00,media,animal,,Canis latrans,1.0,,,,,,,,,,,,,5e94888191fc50001775feb5,2024-10-31T03:34:49Z,,,
67215b0b44f6d8c605a3e7c7,665938b4a122a53b9a6eb5b6,bb70874095e6edf2312f63b02b26c44c,13c1c715,2024-01-30 04:30:19+00:00,2024-01-30 04:30:19+00:00,media,animal,,Canis latrans,3.0,,,,,,,,,,,,,5e94888191fc50001775feb5,2024-10-29T22:00:43Z,,,
6729643a5cc879df9809070d,665938b4a122a53b9a6eb5b6,cd871c21a98c8513af9029e3fe2ebc03,ef69704b,2024-02-01 14:43:11+00:00,2024-02-01 14:43:11+00:00,media,animal,,Canis latrans,1.0,,,,,,,,,,,,,5e94888191fc50001775feb5,2024-11-05T00:18:02Z,,,
67253ababca4ea4a50f21a25,665938b4a122a53b9a6eb5b6,64dd3d7e51b5f648f65139123b2d79b9,1663105e,2024-01-13 05:36:42+00:00,2024-01-13 05:36:42+00:00,media,animal,,Castor canadensis,1.0,,,,,,,,,,,,,5e94888191fc50001775feb5,2024-11-01T20:31:54Z,,,
6799b45490fab55e91face04,665938b4a122a53b9a6eb5b6,8e1f6f352173ac78fed9073e79a04dad,0b4014ee,2025-01-05 08:04:34+00:00,2025-01-05 08:04:34+00:00,media,animal,,Castor canadensis,1.0,,,,,,,,,,,,,5e94888191fc50001775feb5,2025-01-29T04:53:40Z,,,
671acd5039e47da718aef5e9,665938b4a122a53b9a6eb5b6,6599e34549cfd678391726f021d663af,2d410410,2023-12-18 03:28:22+00:00,2023-12-18 03:28:22+00:00,media,animal,,Chelydra serpentina,4.0,,,,,,,,,,,,,5e94888191fc50001775feb5,2024-10-24T22:42:24Z,,,
6722db701154da4fb47d7fc9,665938b4a122a53b9a6eb5b6,eba9ddf873313091a8d62845b0b14a50,379cf70e,2024-01-13 12:56:22+00:00,2024-01-13 12:56:22+00:00,media,animal,,Chelydra serpentina,1.0,,,,,,,,,,,,,5e94888191fc50001775feb5,2024-10-31T01:20:48Z,,,
683f6602cb2b660af4c8c86c,665938b4a122a53b9a6eb5b6,beba14612100a266fb008488a3a153d3,6a319dc3,2024-06-17 12:45:40+00:00,2024-06-17 12:45:40+00:00,media,animal,,Chelydra serpentina,1.0,,,,,,,,,,,,,683f486421c406ebaaac857e,2025-06-03T21:15:46Z,,,
683f6602cb2b660af4c8c86b,665938b4a122a53b9a6eb5b6,beba14612100a266fb008488a3a153d3,279c58ed,2024-06-17 12:45:40+00:00,2024-06-17 12:45:40+00:00,media,animal,,Chrysemys picta,3.0,,,,,,,,,,,,,683f486421c406ebaaac857e,2025-06-03T21:15:46Z,,,
67997ce7a1365b5e4400ef0c,665938b4a122a53b9a6eb5b6,54d6ccdf860bd7b4440fd4fccd55079d,60ce5ca5,2024-12-17 12:34:04+00:00,2024-12-17 12:34:04+00:00,media,animal,,Cornales,1.0,,,,,,,,,,,,,5e94888191fc50001775feb5,2025-01-29T00:57:11Z,,,
67997ceba1365b5e4400ef21,665938b4a122a53b9a6eb5b6,c582de2c2125ab4c5b7eb92ac452ea4e,5b7ee4f1,2024-12-17 12:43:56+00:00,2024-12-17 12:43:56+00:00,media,animal,,Cornales,1.0,,,,,,,,,,,,,5e94888191fc50001775feb5,2025-01-29T00:57:15Z,,,
6799b45490fab55e91face03,665938b4a122a53b9a6eb5b6,8e1f6f352173ac78fed9073e79a04dad,1fc2d070,2025-01-05 08:04:34+00:00,2025-01-05 08:04:34+00:00,media,animal,,Felis catus,1.0,,,,,,,,,,,,,5e94888191fc50001775feb5,2025-01-29T04:53:40Z,,,
6848a7b95bd21a5265735549,665938b4a122a53b9a6eb5b6,52e15eaa2924ebe9f568319a0b34e943,0e9d0152,2024-06-24 20:05:59+00:00,2024-06-24 20:05:59+00:00,media,animal,,Larinae,2.0,,,,,,,,,,,,,683f486421c406ebaaac857e,2025-06-10T21:46:33Z,,,
6848a4dac4c7a9353227b1b0,665938b4a122a53b9a6eb5b6,904b0075b314390e203cf7e3af895e89,1e660089,2024-08-13 00:23:23+00:00,2024-08-13 00:23:23+00:00,media,animal,,Leporidae,1.0,,,,,,,,,,,,,683f486421c406ebaaac857e,2025-06-10T21:34:18Z,,,
672165a644f6d8c605a3e871,665938b4a122a53b9a6eb5b6,acbcda7b9a8a702b12c05e46d63fc349,66b3ce61,2023-12-12 05:44:25+00:00,2023-12-12 05:44:25+00:00,media,animal,,Lithobates catesbeianus,1.0,,,,,,,,,,,,,5e94888191fc50001775feb5,2024-10-29T22:45:58Z,,,
67216bab44f6d8c605a3e990,665938b4a122a53b9a6eb5b6,8ca790a1d4d5cf9fdc744dcbfa3462da,7af3f57a,2023-12-12 11:26:12+00:00,2023-12-12 11:26:12+00:00,media,animal,,Lithobates catesbeianus,1.0,,,,,,,,,,,,,5e94888191fc50001775feb5,2024-10-29T23:11:39Z,,,
67216bc544f6d8c605a3e99f,665938b4a122a53b9a6eb5b6,a8c2b4f24c6f7a7d590d262df9e2daab,7af3f57a,2023-12-12 11:28:09+00:00,2023-12-12 11:28:09+00:00,media,animal,,Lithobates catesbeianus,1.0,,,,,,,,,,,,,5e94888191fc50001775feb5,2024-10-29T23:12:05Z,,,
67216bc944f6d8c605a3e9ad,665938b4a122a53b9a6eb5b6,e55b48899471dd68e6cfa1e285844d53,7af3f57a,2023-12-12 11:28:14+00:00,2023-12-12 11:28:14+00:00,media,animal,,Lithobates catesbeianus,1.0,,,,,,,,,,,,,5e94888191fc50001775feb5,2024-10-29T23:12:09Z,,,
67216c0544f6d8c605a3ea38,665938b4a122a53b9a6eb5b6,6ba0fc81d878dbfc8001e5fa8a193c3a,26d4684b,2023-12-12 11:51:54+00:00,2023-12-12 11:51:54+00:00,media,animal,,Lithobates catesbeianus,1.0,,,,,,,,,,,,,5e94888191fc50001775feb5,2024-10-29T23:13:09Z,,,
67216c2d44f6d8c605a3ea4d,665938b4a122a53b9a6eb5b6,9cfa4f6626f60c546903ed11d3884186,26d4684b,2023-12-12 11:51:59+00:00,2023-12-12 11:51:59+00:00,media,animal,,Lithobates catesbeianus,1.0,,,,,,,,,,,,,5e94888191fc50001775feb5,2024-10-29T23:13:49Z,,,
67216c5a44f6d8c605a3ea6c,665938b4a122a53b9a6eb5b6,b24d435ff8dab8aed999bc7c1ff4d5de,26d4684b,2023-12-12 11:52:03+00:00,2023-12-12 11:52:03+00:00,media,animal,,Lithobates catesbeianus,1.0,,,,,,,,,,,,,5e94888191fc50001775feb5,2024-10-29T23:14:34Z,,,
671be6a07f8ca1dda1bc09e8,665938b4a122a53b9a6eb5b6,d95d9187a7353bc4d64dbdfe0f078607,a722af03,2023-12-18 08:48:08+00:00,2023-12-18 08:48:08+00:00,media,animal,,Lithobates catesbeianus,1.0,,,,,,,,,,,,,5e94888191fc50001775feb5,2024-10-25T18:42:40Z,,,
671be76885737602b9359ff7,665938b4a122a53b9a6eb5b6,439b12368cd3d8742df18144bc873b57,6d349792,2024-01-13 16:33:07+00:00,2024-01-13 16:33:07+00:00,media,animal,,Lithobates catesbeianus,1.0,,,,,,,,,,,,,5e94888191fc50001775feb5,2024-10-25T18:46:00Z,,,
6799c1340ca0fb15469cdab3,665938b4a122a53b9a6eb5b6,5157fb68f515242674a0b2877d757e2e,ebbee0dd,2024-05-22 09:57:13+00:00,2024-05-22 09:57:13+00:00,media,animal,,Lithobates catesbeianus,1.0,,,,,,,,,,,,,5e94888191fc50001775feb5,2025-01-29T05:48:36Z,,,
6799c21f0ca0fb15469cdd4b,665938b4a122a53b9a6eb5b6,5f1673e4164fa77e7feaf4f75c8dad0e,2abc9f3f,2023-12-15 10:43:40+00:00,2023-12-15 10:43:40+00:00,media,animal,,Lithobates clamitans,1.0,,,,,,,,,,,,,5e94888191fc50001775feb5,2025-01-29T05:52:31Z,,,
6721644c44f6d8c605a3e843,665938b4a122a53b9a6eb5b6,97b8609ade0507a625238ce7ce0ecbe3,40cdb442,2023-12-12 04:12:58+00:00,2023-12-12 04:12:58+00:00,media,animal,,Lithobates pipiens,1.0,,,,,,,,,,,,,5e94888191fc50001775feb5,2024-10-29T22:40:12Z,,,
6721645444f6d8c605a3e854,665938b4a122a53b9a6eb5b6,9902b20e3ebf95ea6774a21f330f71bc,40cdb442,2023-12-12 04:13:04+00:00,2023-12-12 04:13:04+00:00,media,animal,,Lithobates pipiens,1.0,,,,,,,,,,,,,5e94888191fc50001775feb5,2024-10-29T22:40:20Z,,,
67216b9244f6d8c605a3e96f,665938b4a122a53b9a6eb5b6,67456212c78122fbddac8ecb2081e5bc,06c93a9b,2023-12-12 11:19:00+00:00,2023-12-12 11:19:00+00:00,media,animal,,Lithobates pipiens,1.0,,,,,,,,,,,,,5e94888191fc50001775feb5,2024-10-29T23:11:14Z,,,
672168e044f6d8c605a3e902,665938b4a122a53b9a6eb5b6,3fbfcb4bce879b0f08031a848b3b9831,e427e11a,2023-12-17 21:03:31+00:00,2023-12-17 21:03:31+00:00,media,animal,,Lithobates pipiens,1.0,,,,,,,,,,,,,5e94888191fc50001775feb5,2024-10-29T22:59:44Z,,,
671be76885737602b9359ffa,665938b4a122a53b9a6eb5b6,439b12368cd3d8742df18144bc873b57,f3942196,2024-01-13 16:33:07+00:00,2024-01-13 16:33:07+00:00,media,animal,,Lithobates pipiens,1.0,,,,,,,,,,,,,5e94888191fc50001775feb5,2024-10-25T18:46:00Z,,,
6723050e27b4495246dea91a,665938b4a122a53b9a6eb5b6,dc64f600be905a588f5643bf5773d08a,9d7ceb4e,2024-01-14 03:52:23+00:00,2024-01-14 03:52:23+00:00,media,animal,,Mammalia,1.0,,,,,,,,,,,,,5e94888191fc50001775feb5,2024-10-31T04:18:22Z,,,
67254a68b15d594d458ea175,665938b4a122a53b9a6eb5b6,faeab043e4aff8ee5e19e21c29709039,a98c4230,2023-12-15 10:54:30+00:00,2023-12-15 10:54:30+00:00,media,animal,,Marmota monax,1.0,,,,,,,,,,,,,5e94888191fc50001775feb5,2024-11-01T21:38:48Z,,,
67254ae7b15d594d458ea194,665938b4a122a53b9a6eb5b6,53058a95d0d445ed948ef2b5348b67f4,a98c4230,2023-12-15 10:54:47+00:00,2023-12-15 10:54:47+00:00,media,animal,,Marmota monax,1.0,,,,,,,,,,,,,5e94888191fc50001775feb5,2024-11-01T21:40:55Z,,,
671be17785737602b9359f27,665938b4a122a53b9a6eb5b6,dd9a1011d668f6a9f8a114d09e467426,a9826ce7,2023-12-15 13:36:59+00:00,2023-12-15 13:36:59+00:00,media,animal,,Marmota monax,1.0,,,,,,,,,,,,,5e94888191fc50001775feb5,2024-10-25T18:20:39Z,,,
671be1be85737602b9359f52,665938b4a122a53b9a6eb5b6,dd9a1011d668f6a9f8a114d09e467426,a9826ce7,2023-12-15 13:36:59+00:00,2023-12-15 13:36:59+00:00,media,animal,,Marmota monax,1.0,,,,,,,,,,,,,5e94888191fc50001775feb5,2024-10-25T18:21:50Z,,,
671be1e785737602b9359f7c,665938b4a122a53b9a6eb5b6,dd9a1011d668f6a9f8a114d09e467426,a9826ce7,2023-12-15 13:36:59+00:00,2023-12-15 13:36:59+00:00,media,animal,,Marmota monax,1.0,,,,,,,,,,,,,5e94888191fc50001775feb5,2024-10-25T18:22:31Z,,,
671be20485737602b9359fa5,665938b4a122a53b9a6eb5b6,dd9a1011d668f6a9f8a114d09e467426,a9826ce7,2023-12-15 13:36:59+00:00,2023-12-15 13:36:59+00:00,media,animal,,Marmota monax,1.0,,,,,,,,,,,,,5e94888191fc50001775feb5,2024-10-25T18:23:00Z,,,
6726823da178a0a88367e53e,665938b4a122a53b9a6eb5b6,7639e16cd0a9fa4367d9d634e5f0aff2,74d15c69,2023-12-17 20:07:46+00:00,2023-12-17 20:07:46+00:00,media,animal,,Marmota monax,1.0,,,,,,,,,,,,,5e94888191fc50001775feb5,2024-11-02T19:49:17Z,,,
672548830221143b3242b93a,665938b4a122a53b9a6eb5b6,1b96869db5a5e36fdb9b886f8c691b8f,d6bdcd16,2023-12-18 06:41:10+00:00,2023-12-18 06:41:10+00:00,media,animal,,Marmota monax,1.0,,,,,,,,,,,,,5e94888191fc50001775feb5,2024-11-01T21:30:43Z,,,
6726cb5fee204f1ff7ec2c49,665938b4a122a53b9a6eb5b6,c8eafae562481e2576c49643733031d6,2879a874,2023-12-18 08:47:49+00:00,2023-12-18 08:47:49+00:00,media,animal,,Marmota monax,6.0,,,,,,,,,,,,,5e94888191fc50001775feb5,2024-11-03T01:01:19Z,,,
6726cbc0ee204f1ff7ec2c67,665938b4a122a53b9a6eb5b6,0b66e1a410a5165516e980c4e4a100df,2879a874,2023-12-18 08:48:02+00:00,2023-12-18 08:48:02+00:00,media,animal,,Marmota monax,6.0,,,,,,,,,,,,,5e94888191fc50001775feb5,2024-11-03T01:02:56Z,,,
67230ed3227b0d38818a5e27,665938b4a122a53b9a6eb5b6,40ec5a43783cd930d12a06d0eaab8d00,0ec09af6,2023-12-18 11:40:13+00:00,2023-12-18 11:40:13+00:00,media,animal,,Marmota monax,1.0,,,,,,,,,,,,,5e94888191fc50001775feb5,2024-10-31T05:00:03Z,,,
67253ababca4ea4a50f21a26,665938b4a122a53b9a6eb5b6,64dd3d7e51b5f648f65139123b2d79b9,b134798e,2024-01-13 05:36:42+00:00,2024-01-13 05:36:42+00:00,media,animal,,Marmota monax,1.0,,,,,,,,,,,,,5e94888191fc50001775feb5,2024-11-01T20:31:54Z,,,
6722c0b944f6d8c605a3eda0,665938b4a122a53b9a6eb5b6,1be7effc0641be7b4f151cb1fedb793a,d883655b,2024-01-13 14:45:49+00:00,2024-01-13 14:45:49+00:00,media,animal,,Marmota monax,1.0,,,,,,,,,,,,,5e94888191fc50001775feb5,2024-10-30T23:26:49Z,,,
6781b28385a53882066508a8,665938b4a122a53b9a6eb5b6,d73ebfab70eaa9ae9b89d6522c3dac05,a02b34a3,2024-04-15 17:32:06+00:00,2024-04-15 17:32:06+00:00,media,animal,,Marmota monax,3.0,,,,,,,,,,,,,5e94888191fc50001775feb5,2025-01-10T23:51:31Z,,,
672e74c64a37a49a0646ae22,665938b4a122a53b9a6eb5b6,0ffc9d562d3ff6cee8101801f7f9bd01,44d66210,2024-04-23 04:51:35+00:00,2024-04-23 04:51:35+00:00,media,animal,,Marmota monax,1.0,,,,,,,,,,,,,5e94888191fc50001775feb5,2024-11-08T20:29:58Z,,,
672e74cd4a37a49a0646ae30,665938b4a122a53b9a6eb5b6,a699ba5e7cb16207d4a74d64e1a55b3a,44d66210,2024-04-23 04:51:40+00:00,2024-04-23 04:51:40+00:00,media,animal,,Marmota monax,1.0,,,,,,,,,,,,,5e94888191fc50001775feb5,2024-11-08T20:30:05Z,,,
672e74cf4a37a49a0646ae3e,665938b4a122a53b9a6eb5b6,43f5646fc43569696b3f20f698c71f98,44d66210,2024-04-23 04:52:07+00:00,2024-04-23 04:52:07+00:00,media,animal,,Marmota monax,1.0,,,,,,,,,,,,,5e94888191fc50001775feb5,2024-11-08T20:30:07Z,,,
672e74d04a37a49a0646ae4c,665938b4a122a53b9a6eb5b6,cb50c3041e4ff0081a64da5433467365,44d66210,2024-04-23 04:52:12+00:00,2024-04-23 04:52:12+00:00,media,animal,,Marmota monax,1.0,,,,,,,,,,,,,5e94888191fc50001775feb5,2024-11-08T20:30:08Z,,,
6786ae599c5c5898ca06d694,665938b4a122a53b9a6eb5b6,54d6ccdf860bd7b4440fd4fccd55079d,fc886821,2024-12-17 12:34:04+00:00,2024-12-17 12:34:04+00:00,media,animal,,Marmota monax,1.0,,,,,,,,,,,,,5e94888191fc50001775feb5,2025-01-14T18:35:05Z,,,
671aece78aba9afbbafa50b7,665938b4a122a53b9a6eb5b6,adc5588f036a015ff165f076ffffdd62,f3f2ad61,2023-12-18 04:25:57+00:00,2023-12-18 04:25:57+00:00,media,animal,,Nerodia sipedon,1.0,,,,,,,,,,,,,5e94888191fc50001775feb5,2024-10-25T00:57:11Z,,,
67202f016149488186162af5,665938b4a122a53b9a6eb5b6,9174e34fa0a059e4ff5cd74d99388573,52a52c7d,2023-12-18 08:08:53+00:00,2023-12-18 08:08:53+00:00,media,animal,,Nerodia sipedon,1.0,,,,,,,,,,,,,5e94888191fc50001775feb5,2024-10-29T00:40:33Z,,,
671be0f685737602b9359ec5,665938b4a122a53b9a6eb5b6,ceca3cc2725a2735c24dbfb8531d669c,60dbd179,2024-01-13 16:41:28+00:00,2024-01-13 16:41:28+00:00,media,animal,,Nerodia sipedon,6.0,,,,,,,,,,,,,5e94888191fc50001775feb5,2024-10-25T18:18:30Z,,,
67201838807098b9a689c7a1,665938b4a122a53b9a6eb5b6,9feeb7ffdba3909068b8ac8d60a37ad6,8609048c,2023-12-15 10:31:27+00:00,2023-12-15 10:31:27+00:00,media,animal,,Nyctereutes,1.0,,,,,,,,,,,,,5e94888191fc50001775feb5,2024-10-28T23:03:20Z,,,
6848a46be0c406fb56ef6a93,665938b4a122a53b9a6eb5b6,85f76415b6766025086e0563dbac0e17,f5445784,2024-08-12 21:56:04+00:00,2024-08-12 21:56:04+00:00,media,animal,,Nycticorax,1.0,,,,,,,,,,,,,683f486421c406ebaaac857e,2025-06-10T21:32:27Z,,,
6848a46ee0c406fb56ef6aa5,665938b4a122a53b9a6eb5b6,c4cc7d75b6dc95438a1f144747f670a2,f5445784,2024-08-12 21:57:04+00:00,2024-08-12 21:57:04+00:00,media,animal,,Nycticorax,1.0,,,,,,,,,,,,,683f486421c406ebaaac857e,2025-06-10T21:32:30Z,,,
6848a470e0c406fb56ef6ab7,665938b4a122a53b9a6eb5b6,257c15d99fd52add8bada1fc60077bd2,919fa2fb,2024-08-12 22:23:56+00:00,2024-08-12 22:23:56+00:00,media,animal,,Nycticorax,1.0,,,,,,,,,,,,,683f486421c406ebaaac857e,2025-06-10T21:32:32Z,,,
6848a472e0c406fb56ef6ac9,665938b4a122a53b9a6eb5b6,6b89e7f1c5bab5d641b1bda59abbcb47,919fa2fb,2024-08-12 22:24:59+00:00,2024-08-12 22:24:59+00:00,media,animal,,Nycticorax,1.0,,,,,,,,,,,,,683f486421c406ebaaac857e,2025-06-10T21:32:34Z,,,
6848a474e0c406fb56ef6adb,665938b4a122a53b9a6eb5b6,4c998ac6c0043ec45c731400667be377,7dddfe0a,2024-08-12 22:45:07+00:00,2024-08-12 22:45:07+00:00,media,animal,,Nycticorax,1.0,,,,,,,,,,,,,683f486421c406ebaaac857e,2025-06-10T21:32:36Z,,,
6848a7d65bd21a5265735562,665938b4a122a53b9a6eb5b6,e96b602455818b0ceee0984331f4e6cb,a96258b8,2024-06-25 01:07:56+00:00,2024-06-25 01:07:56+00:00,media,animal,,Nycticorax nycticorax,1.0,,,,,,,,,,,,,683f486421c406ebaaac857e,2025-06-10T21:47:02Z,,,
67254975bca4ea4a50f21ab9,665938b4a122a53b9a6eb5b6,a095d3e7bdf600405b6cb11fd593782f,50c8bb3a,2023-12-13 03:05:38+00:00,2023-12-13 03:05:38+00:00,media,animal,,Ondatra zibethicus,1.0,,,,,,,,,,,,,5e94888191fc50001775feb5,2024-11-01T21:34:45Z,,,
672681bda178a0a88367e52f,665938b4a122a53b9a6eb5b6,df56cce58dbd81b5ed7eea625e83aac2,cff64691,2023-12-17 20:03:46+00:00,2023-12-17 20:03:46+00:00,media,animal,,Ondatra zibethicus,1.0,,,,,,,,,,,,,5e94888191fc50001775feb5,2024-11-02T19:47:09Z,,,
6726cb5fee204f1ff7ec2c4a,665938b4a122a53b9a6eb5b6,c8eafae562481e2576c49643733031d6,cf2291e9,2023-12-18 08:47:49+00:00,2023-12-18 08:47:49+00:00,media,animal,,Ondatra zibethicus,4.0,,,,,,,,,,,,,5e94888191fc50001775feb5,2024-11-03T01:01:19Z,,,
6726cbc0ee204f1ff7ec2c68,665938b4a122a53b9a6eb5b6,0b66e1a410a5165516e980c4e4a100df,cf2291e9,2023-12-18 08:48:02+00:00,2023-12-18 08:48:02+00:00,media,animal,,Ondatra zibethicus,4.0,,,,,,,,,,,,,5e94888191fc50001775feb5,2024-11-03T01:02:56Z,,,
6726cbceee204f1ff7ec2c87,665938b4a122a53b9a6eb5b6,d95d9187a7353bc4d64dbdfe0f078607,cf2291e9,2023-12-18 08:48:08+00:00,2023-12-18 08:48:08+00:00,media,animal,,Ondatra zibethicus,4.0,,,,,,,,,,,,,5e94888191fc50001775feb5,2024-11-03T01:03:10Z,,,
6726cbd5ee204f1ff7ec2ca5,665938b4a122a53b9a6eb5b6,4f5ee94a99a6307d6de043433eee4510,cf2291e9,2023-12-18 08:48:21+00:00,2023-12-18 08:48:21+00:00,media,animal,,Ondatra zibethicus,3.0,,,,,,,,,,,,,5e94888191fc50001775feb5,2024-11-03T01:03:17Z,,,
67230ed3227b0d38818a5e26,665938b4a122a53b9a6eb5b6,40ec5a43783cd930d12a06d0eaab8d00,02424c1c,2023-12-18 11:40:13+00:00,2023-12-18 11:40:13+00:00,media,animal,,Ondatra zibethicus,1.0,,,,,,,,,,,,,5e94888191fc50001775feb5,2024-10-31T05:00:03Z,,,
672964325cc879df980906f5,665938b4a122a53b9a6eb5b6,bde401fd5f53299189f223f4035159b8,ad969652,2024-02-01 14:43:06+00:00,2024-02-01 14:43:06+00:00,media,animal,,Ondatra zibethicus,1.0,,,,,,,,,,,,,5e94888191fc50001775feb5,2024-11-05T00:17:54Z,,,
6729643a5cc879df9809070c,665938b4a122a53b9a6eb5b6,cd871c21a98c8513af9029e3fe2ebc03,ad969652,2024-02-01 14:43:11+00:00,2024-02-01 14:43:11+00:00,media,animal,,Ondatra zibethicus,1.0,,,,,,,,,,,,,5e94888191fc50001775feb5,2024-11-05T00:18:02Z,,,
6781b28385a53882066508a7,665938b4a122a53b9a6eb5b6,d73ebfab70eaa9ae9b89d6522c3dac05,6589d96b,2024-04-15 17:32:06+00:00,2024-04-15 17:32:06+00:00,media,animal,,Ondatra zibethicus,1.0,,,,,,,,,,,,,5e94888191fc50001775feb5,2025-01-10T23:51:31Z,,,
683f92cda70767ee0f6a91c7,665938b4a122a53b9a6eb5b6,d06f62fa270ddd7e4586634de3ad6aba,39e11892,2024-12-24 11:51:08+00:00,2024-12-24 11:51:08+00:00,media,animal,,Passer domesticus,1.0,,,,,,,,,,,,,683f486421c406ebaaac857e,2025-06-04T00:26:53Z,,,
6799c1a40ca0fb15469cdd33,665938b4a122a53b9a6eb5b6,faf7acc4a8a5b1b11c0be80a4150b4b4,93b0f1dc,2023-12-15 10:43:39+00:00,2023-12-15 10:43:39+00:00,media,animal,,Pelecaniformes,1.0,,,,,,,,,,,,,5e94888191fc50001775feb5,2025-01-29T05:50:28Z,,,
6799c21f0ca0fb15469cdd4a,665938b4a122a53b9a6eb5b6,5f1673e4164fa77e7feaf4f75c8dad0e,93b0f1dc,2023-12-15 10:43:40+00:00,2023-12-15 10:43:40+00:00,media,animal,,Pelecaniformes,1.0,,,,,,,,,,,,,5e94888191fc50001775feb5,2025-01-29T05:52:31Z,,,
6799b41890fab55e91fac659,665938b4a122a53b9a6eb5b6,8e1f6f352173ac78fed9073e79a04dad,0adc7b05,2025-01-05 08:04:34+00:00,2025-01-05 08:04:34+00:00,media,animal,,Procyon lotor,1.0,,,,,,,,,,,,,5e94888191fc50001775feb5,2025-01-29T04:52:40Z,,,
671be6a07f8ca1dda1bc09e9,665938b4a122a53b9a6eb5b6,d95d9187a7353bc4d64dbdfe0f078607,d12b2a49,2023-12-18 08:48:08+00:00,2023-12-18 08:48:08+00:00,media,animal,,Pseudacris maculata,1.0,,,,,,,,,,,,,5e94888191fc50001775feb5,2024-10-25T18:42:40Z,,,
671be76885737602b9359ff8,665938b4a122a53b9a6eb5b6,439b12368cd3d8742df18144bc873b57,77a45ff7,2024-01-13 16:33:07+00:00,2024-01-13 16:33:07+00:00,media,animal,,Pseudacris maculata,2.0,,,,,,,,,,,,,5e94888191fc50001775feb5,2024-10-25T18:46:00Z,,,
67215b4944f6d8c605a3e7d9,665938b4a122a53b9a6eb5b6,aba083370c38737b58c7e4d897ea87e6,e1fb91a7,2024-01-30 06:16:05+00:00,2024-01-30 06:16:05+00:00,media,animal,,Pseudacris maculata,1.0,,,,,,,,,,,,,5e94888191fc50001775feb5,2024-10-29T22:01:45Z,,,
6848a49ce0c406fb56ef6aef,665938b4a122a53b9a6eb5b6,2e4f85bd5480b778c72f9331867b90f6,d4d21e55,2024-08-12 23:00:25+00:00,2024-08-12 23:00:25+00:00,media,animal,,Rattus rattus,1.0,,,,,,,,,,,,,683f486421c406ebaaac857e,2025-06-10T21:33:16Z,,,
671be0f685737602b9359ec6,665938b4a122a53b9a6eb5b6,ceca3cc2725a2735c24dbfb8531d669c,c4be3ddc,2024-01-13 16:41:28+00:00,2024-01-13 16:41:28+00:00,media,animal,,Reptilia,4.0,,,,,,,,,,,,,5e94888191fc50001775feb5,2024-10-25T18:18:30Z,,,
671be13385737602b9359eef,665938b4a122a53b9a6eb5b6,ceca3cc2725a2735c24dbfb8531d669c,c4be3ddc,2024-01-13 16:41:28+00:00,2024-01-13 16:41:28+00:00,media,animal,,Reptilia,3.0,,,,,,,,,,,,,5e94888191fc50001775feb5,2024-10-25T18:19:31Z,,,
67252f3dbca4ea4a50f2187a,665938b4a122a53b9a6eb5b6,f6af404729be8ef7a4346cb441bdfd44,349dd43e,2024-01-27 14:24:57+00:00,2024-01-27 14:24:57+00:00,media,animal,,Reptilia,4.0,,,,,,,,,,,,,5e94888191fc50001775feb5,2024-11-01T19:42:53Z,,,
672549d3bca4ea4a50f21ac8,665938b4a122a53b9a6eb5b6,d5acd739ba6257466adbc0d47f9917e5,21f90e26,2023-12-13 03:09:40+00:00,2023-12-13 03:09:40+00:00,media,animal,,Sciurus carolinensis,1.0,,,,,,,,,,,,,5e94888191fc50001775feb5,2024-11-01T21:36:19Z,,,
672549f0bca4ea4a50f21adb,665938b4a122a53b9a6eb5b6,5838ed3fc8013ae8869c7858888049b7,21f90e26,2023-12-13 03:09:45+00:00,2023-12-13 03:09:45+00:00,media,animal,,Sciurus carolinensis,1.0,,,,,,,,,,,,,5e94888191fc50001775feb5,2024-11-01T21:36:48Z,,,
67254ad3b15d594d458ea185,665938b4a122a53b9a6eb5b6,e9f4546e8cc718b195dc2f64352e7f15,54dba0ad,2023-12-15 10:54:36+00:00,2023-12-15 10:54:36+00:00,media,animal,,Sciurus carolinensis,1.0,,,,,,,,,,,,,5e94888191fc50001775feb5,2024-11-01T21:40:35Z,,,
67254af211535790a73fbba1,665938b4a122a53b9a6eb5b6,4b83aeef4870022309c2709e02a2d66e,54dba0ad,2023-12-15 10:54:53+00:00,2023-12-15 10:54:53+00:00,media,animal,,Sciurus carolinensis,1.0,,,,,,,,,,,,,5e94888191fc50001775feb5,2024-11-01T21:41:06Z,,,
67254af611535790a73fbbb0,665938b4a122a53b9a6eb5b6,fff2b395eafc80abc1434168875d40ff,54dba0ad,2023-12-15 10:55:04+00:00,2023-12-15 10:55:04+00:00,media,animal,,Sciurus carolinensis,1.0,,,,,,,,,,,,,5e94888191fc50001775feb5,2024-11-01T21:41:10Z,,,
671ae576ebd574dd1c503636,665938b4a122a53b9a6eb5b6,d292004438ee4490752d20515b395b91,0e068b7d,2023-12-12 23:17:12+00:00,2023-12-12 23:17:12+00:00,media,animal,,Sciurus niger,3.0,,,,,,,,,,,,,5e94888191fc50001775feb5,2024-10-25T00:25:26Z,,,
67254b50aae4d901ce8deec6,665938b4a122a53b9a6eb5b6,c6524d1c5c2de5c89f2b4c56240589b0,65e555e1,2023-12-15 10:55:30+00:00,2023-12-15 10:55:30+00:00,media,animal,,Sciurus niger,1.0,,,,,,,,,,,,,5e94888191fc50001775feb5,2024-11-01T21:42:40Z,,,
6726cb5fee204f1ff7ec2c4b,665938b4a122a53b9a6eb5b6,c8eafae562481e2576c49643733031d6,19f94229,2023-12-18 08:47:49+00:00,2023-12-18 08:47:49+00:00,media,animal,,Sciurus niger,1.0,,,,,,,,,,,,,5e94888191fc50001775feb5,2024-11-03T01:01:19Z,,,
6726cbc0ee204f1ff7ec2c69,665938b4a122a53b9a6eb5b6,0b66e1a410a5165516e980c4e4a100df,19f94229,2023-12-18 08:48:02+00:00,2023-12-18 08:48:02+00:00,media,animal,,Sciurus niger,1.0,,,,,,,,,,,,,5e94888191fc50001775feb5,2024-11-03T01:02:56Z,,,
6726cbceee204f1ff7ec2c88,665938b4a122a53b9a6eb5b6,d95d9187a7353bc4d64dbdfe0f078607,19f94229,2023-12-18 08:48:08+00:00,2023-12-18 08:48:08+00:00,media,animal,,Sciurus niger,1.0,,,,,,,,,,,,,5e94888191fc50001775feb5,2024-11-03T01:03:10Z,,,
6726cbd5ee204f1ff7ec2ca6,665938b4a122a53b9a6eb5b6,4f5ee94a99a6307d6de043433eee4510,19f94229,2023-12-18 08:48:21+00:00,2023-12-18 08:48:21+00:00,media,animal,,Sciurus niger,2.0,,,,,,,,,,,,,5e94888191fc50001775feb5,2024-11-03T01:03:17Z,,,
671aecfa8aba9afbbafa50c9,665938b4a122a53b9a6eb5b6,1a6cf95839bbef35e043321f472601d4,3c28794e,2023-12-18 04:26:08+00:00,2023-12-18 04:26:08+00:00,media,animal,,Setophaga,1.0,,,,,,,,,,,,,5e94888191fc50001775feb5,2024-10-25T00:57:30Z,,,
67a172c7a70c80f8ef6ba49d,665938b4a122a53b9a6eb5b6,2f023181174fa49dcf8034ca2202f143,253d8c29,2024-08-12 12:16:06+00:00,2024-08-12 12:16:06+00:00,media,animal,,Sturnus vulgaris,2.0,,,,,,,,,,,,,6799410fa1365b5e4400de1d,2025-02-04T01:52:07Z,,,
672548830221143b3242b93b,665938b4a122a53b9a6eb5b6,1b96869db5a5e36fdb9b886f8c691b8f,a445a038,2023-12-18 06:41:10+00:00,2023-12-18 06:41:10+00:00,media,animal,,Sylvilagus floridanus,1.0,,,,,,,,,,,,,5e94888191fc50001775feb5,2024-11-01T21:30:43Z,,,
672e7bea430828807ac5c9c7,665938b4a122a53b9a6eb5b6,c7297f0ad1c63983b0b9f87381e275b6,1441c05b,2024-01-30 10:28:22+00:00,2024-01-30 10:28:22+00:00,media,animal,,Sylvilagus floridanus,1.0,,,,,,,,,,,,,5e94888191fc50001775feb5,2024-11-08T21:00:26Z,,,
67254b3611535790a73fbbbf,665938b4a122a53b9a6eb5b6,85903e562a548ac1ae73998f7db5a40c,9bf92cc4,2023-12-15 10:55:10+00:00,2023-12-15 10:55:10+00:00,media,animal,,Tamias striatus,1.0,,,,,,,,,,,,,5e94888191fc50001775feb5,2024-11-01T21:42:14Z,,,
67252f12bca4ea4a50f21855,665938b4a122a53b9a6eb5b6,f6af404729be8ef7a4346cb441bdfd44,c1892b0a,2024-01-27 14:24:57+00:00,2024-01-27 14:24:57+00:00,media,animal,,Tamias striatus,1.0,,,,,,,,,,,,,5e94888191fc50001775feb5,2024-11-01T19:42:10Z,,,
671be17785737602b9359f25,665938b4a122a53b9a6eb5b6,dd9a1011d668f6a9f8a114d09e467426,789915c7,2023-12-15 13:36:59+00:00,2023-12-15 13:36:59+00:00,media,animal,,Trachemys scripta elegans,2.0,,,,,,,,,,,,,5e94888191fc50001775feb5,2024-10-25T18:20:39Z,,,
671acd5039e47da718aef5e8,665938b4a122a53b9a6eb5b6,6599e34549cfd678391726f021d663af,d29dbdf4,2023-12-18 03:28:22+00:00,2023-12-18 03:28:22+00:00,media,animal,,Trachemys scripta elegans,1.0,,,,,,,,,,,,,5e94888191fc50001775feb5,2024-10-24T22:42:24Z,,,
671aece78aba9afbbafa50b6,665938b4a122a53b9a6eb5b6,adc5588f036a015ff165f076ffffdd62,120fb0d8,2023-12-18 04:25:57+00:00,2023-12-18 04:25:57+00:00,media,animal,,Trachemys scripta elegans,3.0,,,,,,,,,,,,,5e94888191fc50001775feb5,2024-10-25T00:57:11Z,,,
671bdf2f85737602b9359eb1,665938b4a122a53b9a6eb5b6,ae0998b213f6c6d6f5f889ba38556f14,85461d17,2024-01-13 16:41:23+00:00,2024-01-13 16:41:23+00:00,media,animal,,Trachemys scripta elegans,3.0,,,,,,,,,,,,,5e94888191fc50001775feb5,2024-10-25T18:10:55Z,,,
671be13385737602b9359ef0,665938b4a122a53b9a6eb5b6,ceca3cc2725a2735c24dbfb8531d669c,85461d17,2024-01-13 16:41:28+00:00,2024-01-13 16:41:28+00:00,media,animal,,Trachemys scripta elegans,1.0,,,,,,,,,,,,,5e94888191fc50001775feb5,2024-10-25T18:19:31Z,,,
6854075aa0f1c93c2f5f5d1c,665938b4a122a53b9a6eb5b6,195b5a499b3b415eded514ca0c06a1c3,c4fd7038,2024-05-31 13:18:32+00:00,2024-05-31 13:18:32+00:00,media,animal,,Trachemys scripta elegans,3.0,,,,,,,,,,,,,683f486421c406ebaaac857e,2025-06-19T12:49:30Z,,,
68537440e8fb244275045e55,665938b4a122a53b9a6eb5b6,39bce853d60b123c9bdb4317f5990007,c4fd7038,2024-05-31 13:20:31+00:00,2024-05-31 13:20:31+00:00,media,animal,,Trachemys scripta elegans,3.0,,,,,,,,,,,,,683f486421c406ebaaac857e,2025-06-19T02:21:52Z,,,
68540cf53f4cf01b6e11f314,665938b4a122a53b9a6eb5b6,39bce853d60b123c9bdb4317f5990007,c4fd7038,2024-05-31 13:20:31+00:00,2024-05-31 13:20:31+00:00,media,animal,,Trachemys scripta elegans,3.0,,,,,,,,,,,,,683f486421c406ebaaac857e,2025-06-19T13:13:25Z,,,
68540d383f4cf01b6e11f341,665938b4a122a53b9a6eb5b6,31b543c3c9168498431e06bacae7297f,c4fd7038,2024-05-31 13:21:00+00:00,2024-05-31 13:21:00+00:00,media,animal,,Trachemys scripta elegans,3.0,,,,,,,,,,,,,683f486421c406ebaaac857e,2025-06-19T13:14:32Z,,,
68540d623f4cf01b6e11f364,665938b4a122a53b9a6eb5b6,82cb67a47952273acdbe3c43ac261258,c4fd7038,2024-05-31 13:21:01+00:00,2024-05-31 13:21:01+00:00,media,animal,,Trachemys scripta elegans,3.0,,,,,,,,,,,,,683f486421c406ebaaac857e,2025-06-19T13:15:14Z,,,
68540d7f3f4cf01b6e11f37c,665938b4a122a53b9a6eb5b6,67eaecce06ef6e772f7e63262dbac12a,c4fd7038,2024-05-31 13:21:27+00:00,2024-05-31 13:21:27+00:00,media,animal,,Trachemys scripta elegans,3.0,,,,,,,,,,,,,683f486421c406ebaaac857e,2025-06-19T13:15:43Z,,,
68540d983f4cf01b6e11f39f,665938b4a122a53b9a6eb5b6,ec5968efb04370862322e136e2eb3cc4,c4fd7038,2024-05-31 13:24:27+00:00,2024-05-31 13:24:27+00:00,media,animal,,Trachemys scripta elegans,2.0,,,,,,,,,,,,,683f486421c406ebaaac857e,2025-06-19T13:16:08Z,,,
685411553f4cf01b6e11f3be,665938b4a122a53b9a6eb5b6,4af5347e93ba21eaafe7b3f4999adf84,c4fd7038,2024-05-31 13:24:54+00:00,2024-05-31 13:24:54+00:00,media,animal,,Trachemys scripta elegans,3.0,,,,,,,,,,,,,683f486421c406ebaaac857e,2025-06-19T13:32:05Z,,,
685414b63f4cf01b6e11f3e2,665938b4a122a53b9a6eb5b6,e71b1a3ad4306e52964f133ba3c25a04,93aa84a6,2024-05-31 13:35:50+00:00,2024-05-31 13:35:50+00:00,media,animal,,Trachemys scripta elegans,3.0,,,,,,,,,,,,,683f486421c406ebaaac857e,2025-06-19T13:46:30Z,,,
685414d83f4cf01b6e11f406,665938b4a122a53b9a6eb5b6,57296e4833bceceac87c0a69a3f4c8a0,93aa84a6,2024-05-31 13:36:55+00:00,2024-05-31 13:36:55+00:00,media,animal,,Trachemys scripta elegans,3.0,,,,,,,,,,,,,683f486421c406ebaaac857e,2025-06-19T13:47:04Z,,,
685414f53f4cf01b6e11f429,665938b4a122a53b9a6eb5b6,c1aff0bc684de719d70483dd1f0d92ef,93aa84a6,2024-05-31 13:37:31+00:00,2024-05-31 13:37:31+00:00,media,animal,,Trachemys scripta elegans,3.0,,,,,,,,,,,,,683f486421c406ebaaac857e,2025-06-19T13:47:33Z,,,
6854150e3f4cf01b6e11f44d,665938b4a122a53b9a6eb5b6,e96fe7181bc8e5eeccb50f234b87f813,d622c36d,2024-05-31 13:46:23+00:00,2024-05-31 13:46:23+00:00,media,animal,,Trachemys scripta elegans,3.0,,,,,,,,,,,,,683f486421c406ebaaac857e,2025-06-19T13:47:58Z,,,
685415263f4cf01b6e11f470,665938b4a122a53b9a6eb5b6,76f9c26344b14c8cbff2138a4988b7b5,d622c36d,2024-05-31 13:46:53+00:00,2024-05-31 13:46:53+00:00,media,animal,,Trachemys scripta elegans,3.0,,,,,,,,,,,,,683f486421c406ebaaac857e,2025-06-19T13:48:22Z,,,
685415683f4cf01b6e11f493,665938b4a122a53b9a6eb5b6,dc75f5d8ca24613cf6e3893973684b52,232f6001,2024-05-31 13:56:33+00:00,2024-05-31 13:56:33+00:00,media,animal,,Trachemys scripta elegans,2.0,,,,,,,,,,,,,683f486421c406ebaaac857e,2025-06-19T13:49:28Z,,,
6854158c3f4cf01b6e11f4ab,665938b4a122a53b9a6eb5b6,3a3ee0a352c97b66e1d4062e431f1311,232f6001,2024-05-31 13:58:55+00:00,2024-05-31 13:58:55+00:00,media,animal,,Trachemys scripta elegans,3.0,,,,,,,,,,,,,683f486421c406ebaaac857e,2025-06-19T13:50:04Z,,,
