{
  "unknown": {
    "_id": "66e2dc16edcef152896948bf",
    "site": "General Wild Mile",
    "timeStart": "2024-09-10 14:30:00.265000",
    "timeEnd": "2024-09-10 18:30:00.213000",
    "creator": "629fac309338ac001532b552",
    "numOfParticipants": 3,
    "participants": [],
    "notes": "Lori, Kurt, Audrey reports.   Dave, Tammie, Raoul, Tammie, Matt on the same shift but  are reporting separately.  \nThe Wildmile, Turning Basin and around Goose Island was lightest we've seen in a long while...only a handful trash.  Interesting finds of a thick metal plate, a wicker chair frame and large candle (we no longer have candle as a category, putting under food because of wax possible animal origins).\nHOWEVER as soon as we congratulated our cleaning efforts we spied down the channel a long strip of still water starting under the Chicago Ave bridge...That block long strip was a real mess, probably sewer overflow. Lori and Kurt spent an hour just in that spot and only made a dent.\n",
    "weight": null,
    "deleted": false,
    "trashiness": 7,
    "temp": 77,
    "wind": 1,
    "cloud": 0,
    "images": [],
    "createdAt": "2024-09-12 12:18:30.211000",
    "updatedAt": "2024-09-12 12:18:30.211000",
    "__v": 0
  }
}