{
  "unknown": {
    "_id": "66a2d797d484166dee63b222",
    "Id": 15058,
    "Symbol": "HELE4",
    "ScientificName": "\u00d7Hesperotropsis leylandii (A.B. Jacks. & Dallim.) Garland & Gerry Moore [Hesperocyparis macrocarpa \u00d7 Callitropsis nootkatensis]",
    "ScientificNameComponents": null,
    "CommonName": "Leyland cypress",
    "Group": null,
    "RankId": 0,
    "Rank": null,
    "Durations": null,
    "GrowthHabits": null,
    "NativeStatuses": null,
    "MapCoordinates": null,
    "PlantsDistributionResults": null,
    "AcceptedId": 15058,
    "OtherCommonNames": null,
    "HasSynonyms": false,
    "Synonyms": [
      {
        "Id": 15060,
        "Symbol": "CULE2",
        "ScientificName": "\u00d7Cupressocyparis leylandii (Dallim. & A.B. Jacks.) Dallim.",
        "ScientificNameComponents": null,
        "CommonName": null,
        "Group": null,
        "RankId": 0,
        "Rank": null,
        "Durations": null,
        "GrowthHabits": null,
        "NativeStatuses": null,
        "MapCoordinates": null,
        "PlantsDistributionResults": null,
        "AcceptedId": 15058,
        "OtherCommonNames": null,
        "HasSynonyms": false,
        "Synonyms": null,
        "Ancestors": null,
        "HasSubordinateTaxa": false,
        "SubordinateTaxa": null,
        "HasWildlife": false,
        "Wildlife": null,
        "HasWetlandData": false,
        "WetlandData": null,
        "HasImages": false,
        "HasRelatedLinks": false,
        "RelatedLinks": null,
        "HasLegalStatuses": false,
        "LegalStatuses": null,
        "HasNoxiousStatuses": false,
        "NoxiousStatuses": null,
        "HasDocumentation": false,
        "HasDistributionData": false,
        "Documentation": null,
        "PlantNotes": null,
        "NumImages": 0,
        "ProfileImageFilename": null,
        "ImageId": 0,
        "HasInvasiveStatuses": false,
        "InvasiveStatuses": null,
        "ProtectedStatuses": null,
        "PlantGuideUrls": null,
        "FactSheetUrls": null,
        "HasCharacteristics": false,
        "PlantLocationId": 0,
        "Characteristics": null,
        "HasEthnobotany": false,
        "Ethnobotanies": null,
        "HasPollinator": false,
        "Pollinators": null,
        "ScientificSort": null
      }
    ],
    "Ancestors": null,
    "HasSubordinateTaxa": false,
    "SubordinateTaxa": null,
    "HasWildlife": false,
    "Wildlife": null,
    "HasWetlandData": false,
    "WetlandData": null,
    "HasImages": false,
    "HasRelatedLinks": false,
    "RelatedLinks": null,
    "HasLegalStatuses": false,
    "LegalStatuses": null,
    "HasNoxiousStatuses": false,
    "NoxiousStatuses": null,
    "HasDocumentation": false,
    "HasDistributionData": false,
    "Documentation": null,
    "PlantNotes": null,
    "NumImages": 0,
    "ProfileImageFilename": null,
    "ImageId": 0,
    "HasInvasiveStatuses": false,
    "InvasiveStatuses": null,
    "ProtectedStatuses": null,
    "PlantGuideUrls": null,
    "FactSheetUrls": null,
    "HasCharacteristics": false,
    "PlantLocationId": 0,
    "Characteristics": null,
    "HasEthnobotany": false,
    "Ethnobotanies": null,
    "HasPollinator": false,
    "Pollinators": null,
    "ScientificSort": "Hesperotropsis leylandii (A.B. Jacks. & Dallim.) Garland & Gerry Moore [Hesperocyparis macrocarpa \u00d7 ",
    "characteristics": {
      "Active Growth Period": "Spring and Summer",
      "Bloat": "None",
      "C:N Ratio": "High",
      "Coppice Potential": "No",
      "Fall Conspicuous": "No",
      "Fire Resistant": "No",
      "Flower Color": "Brown",
      "Flower Conspicuous": "No",
      "Foliage Color": "Green",
      "Foliage Porosity Summer": "Dense",
      "Foliage Porosity Winter": "Dense",
      "Foliage Texture": "Coarse",
      "Fruit/Seed Color": "Brown",
      "Fruit/Seed Conspicuous": "Yes",
      "Growth Form": "Single Stem",
      "Growth Rate": "Rapid",
      "Height at 20 Years, Maximum (feet)": "40",
      "Height, Mature (feet)": "70.0",
      "Known Allelopath": "No",
      "Leaf Retention": "Yes",
      "Lifespan": "Long",
      "Low Growing Grass": "No",
      "Nitrogen Fixation": "None",
      "Resprout Ability": "No",
      "Shape and Orientation": "Erect",
      "Toxicity": "None",
      "Adapted to Coarse Textured Soils": "Yes",
      "Adapted to Fine Textured Soils": "Yes",
      "Adapted to Medium Textured Soils": "Yes",
      "Anaerobic Tolerance": "None",
      "CaCO3 Tolerance": "Low",
      "Cold Stratification Required": "No",
      "Drought Tolerance": "Medium",
      "Fertility Requirement": "Medium",
      "Fire Tolerance": "None",
      "Frost Free Days, Minimum": "180",
      "Hedge Tolerance": "Low",
      "Moisture Use": "Medium",
      "pH, Maximum": "7.5",
      "pH, Minimum": "6.0",
      "Planting Density per Acre, Maximum": "700",
      "Planting Density per Acre, Minimum": "100",
      "Precipitation, Maximum": "100",
      "Precipitation, Minimum": "20",
      "Root Depth, Minimum (inches)": "20",
      "Salinity Tolerance": "Low",
      "Shade Tolerance": "Intolerant",
      "Temperature, Minimum (\u00b0F)": "7",
      "Bloom Period": "Spring",
      "Commercial Availability": "Routinely Available",
      "Fruit/Seed Abundance": "Low",
      "Fruit/Seed Period Begin": "Spring",
      "Fruit/Seed Period End": "Fall",
      "Fruit/Seed Persistence": "Yes",
      "Propagated by Bare Root": "Yes",
      "Propagated by Bulb": "No",
      "Propagated by Container": "Yes",
      "Propagated by Corm": "No",
      "Propagated by Cuttings": "Yes",
      "Propagated by Seed": "No",
      "Propagated by Sod": "No",
      "Propagated by Sprigs": "No",
      "Propagated by Tubers": "No",
      "Seed Spread Rate": "None",
      "Small Grain": "No",
      "Vegetative Spread Rate": "None",
      "Berry/Nut/Seed Product": "No",
      "Christmas Tree Product": "Yes",
      "Fodder Product": "No",
      "Fuelwood Product": "Medium",
      "Lumber Product": "No",
      "Naval Store Product": "No",
      "Nursery Stock Product": "Yes",
      "Palatable Browse Animal": "Low",
      "Palatable Graze Animal": "Low",
      "Palatable Human": "No",
      "Post Product": "No",
      "Pulpwood Product": "No",
      "Veneer Product": "No"
    }
  }
}