{
  "unknown": {
    "_id": "5f31801880a72f0017e02fc7",
    "tags": [
      "submerged",
      "a",
      "sm",
      "c3",
      "M",
      "1"
    ],
    "x": 25,
    "y": 9,
    "locationCode": "E",
    "model": "3-d",
    "shape": "R3",
    "orientation": "flat",
    "flipped": false,
    "notes": "do not place deeper than 12 inches so acutus will survive.  Acutus needs to be planted, not left in pots.  If this is not possible, do not plant the acutus.\r\n\r\nCall nick for advice on putting together on dock",
    "__v": 3,
    "island_name": "east",
    "project": "wildmile",
    "projectId": "65e6a8ee649b4080e129b778",
    "sectionId": "65e6aa9a649b4080e129b789",
    "placement": {
      "section": {
        "x": 25,
        "y": 9
      },
      "project": {
        "x": 176,
        "y": 9
      }
    },
    "deleted": false
  }
}