{
  "unknown": {
    "_id": "67a2eb59888f9d62bcfc8693",
    "taxonId": 3017,
    "rank": "species",
    "rank_level": 10,
    "iconic_taxon_id": 3,
    "ancestor_ids": [
      48460,
      1,
      2,
      355675,
      3,
      2708,
      2715,
      3000,
      3017
    ],
    "is_active": true,
    "name": "Columba livia",
    "parent_id": 3000,
    "ancestry": "48460/1/2/355675/3/2708/2715/3000",
    "extinct": false,
    "default_photo": {
      "license_code": "cc-by-nc",
      "attribution": "(c) \u041a\u043e\u043d\u0441\u0442\u0430\u043d\u0442\u0438\u043d \u0421\u0430\u043c\u043e\u0434\u0443\u0440\u043e\u0432, some rights reserved (CC BY-NC), uploaded by \u041a\u043e\u043d\u0441\u0442\u0430\u043d\u0442\u0438\u043d \u0421\u0430\u043c\u043e\u0434\u0443\u0440\u043e\u0432",
      "url": "https://inaturalist-open-data.s3.amazonaws.com/photos/96934693/square.jpg",
      "tags": [],
      "quality": 3,
      "original": false,
      "original_dimensions": {
        "height": 800,
        "width": 1200
      },
      "flags": [],
      "square_url": "https://inaturalist-open-data.s3.amazonaws.com/photos/96934693/square.jpg",
      "medium_url": "https://inaturalist-open-data.s3.amazonaws.com/photos/96934693/medium.jpg",
      "_id": "67a2eb59888f9d62bcfc8694"
    },
    "wikipedia_url": "http://en.wikipedia.org/wiki/Rock_dove",
    "complete_rank": "subspecies",
    "iconic_taxon_name": "Aves",
    "preferred_common_name": "Rock Pigeon",
    "observationCount": 0,
    "photos": [],
    "createdAt": "2025-02-05 04:38:49.209000",
    "updatedAt": "2025-02-05 04:38:49.209000",
    "__v": 0
  }
}