{
  "unknown": {
    "_id": "663d1167b278026c8d94f9e0",
    "name": "River_Park",
    "description": "",
    "notes": "",
    "decommisioned": false,
    "locationBoundry": {
      "type": "Polygon",
      "coordinates": [
        [
          [
            -87.70128711717652,
            41.97216700393196
          ],
          [
            -87.701353988946,
            41.97584596604429
          ],
          [
            -87.70625234605005,
            41.97575896601501
          ],
          [
            -87.70610188456928,
            41.97210485747644
          ],
          [
            -87.70128711717652,
            41.97216700393196
          ]
        ]
      ],
      "_id": "663d1167b278026c8d94f9e1"
    },
    "location": {
      "type": "Point",
      "coordinates": [
        -87.70422821513294,
        41.973499613732
      ],
      "_id": "663d1167b278026c8d94f9e2"
    },
    "deleted": false,
    "private": false,
    "authorizedUsers": [
      "5ee811d2c4bd4800179384af",
      "62e1d278ed74f400154e6e0e"
    ],
    "creator": "5e94888191fc50001775feb5",
    "createdAt": "2024-05-09 18:09:43.018000",
    "updatedAt": "2024-05-09 18:09:43.018000",
    "__v": 0
  }
}