{
  "planting_template": {
    "_id": "66aadd94688ffaefa2e2f771",
    "type": "planting_template",
    "authorized_users": [],
    "data": {
      "0,0": {
        "color": "green",
        "id": 3,
        "x": 0,
        "y": 0
      },
      "2,1": {
        "color": "green",
        "id": 3,
        "x": 2,
        "y": 1
      },
      "3,3": {
        "color": "green",
        "id": 3,
        "x": 3,
        "y": 3
      },
      "1,4": {
        "color": "green",
        "id": 3,
        "x": 1,
        "y": 4
      },
      "3,5": {
        "color": "green",
        "id": 3,
        "x": 3,
        "y": 5
      },
      "0,6": {
        "color": "green",
        "id": 3,
        "x": 0,
        "y": 6
      },
      "2,7": {
        "color": "green",
        "id": 3,
        "x": 2,
        "y": 7
      },
      "3,9": {
        "color": "green",
        "id": 3,
        "x": 3,
        "y": 9
      },
      "1,9": {
        "color": "green",
        "id": 3,
        "x": 1,
        "y": 9
      },
      "0,2": {
        "color": "green",
        "id": 3,
        "x": 0,
        "y": 2
      },
      "2,0": {
        "color": "yellow",
        "id": 2,
        "x": 2,
        "y": 0
      },
      "0,1": {
        "color": "yellow",
        "id": 2,
        "x": 0,
        "y": 1
      },
      "2,2": {
        "color": "yellow",
        "id": 2,
        "x": 2,
        "y": 2
      },
      "3,4": {
        "color": "yellow",
        "id": 2,
        "x": 3,
        "y": 4
      },
      "0,5": {
        "color": "yellow",
        "id": 2,
        "x": 0,
        "y": 5
      },
      "2,6": {
        "color": "yellow",
        "id": 2,
        "x": 2,
        "y": 6
      },
      "3,7": {
        "color": "yellow",
        "id": 2,
        "x": 3,
        "y": 7
      },
      "2,9": {
        "color": "yellow",
        "id": 2,
        "x": 2,
        "y": 9
      },
      "1,3": {
        "color": "yellow",
        "id": 2,
        "x": 1,
        "y": 3
      },
      "0,8": {
        "color": "yellow",
        "id": 2,
        "x": 0,
        "y": 8
      },
      "1,0": {
        "color": "blue",
        "id": 1,
        "x": 1,
        "y": 0
      },
      "3,0": {
        "color": "blue",
        "id": 1,
        "x": 3,
        "y": 0
      },
      "1,1": {
        "color": "blue",
        "id": 1,
        "x": 1,
        "y": 1
      },
      "3,1": {
        "color": "blue",
        "id": 1,
        "x": 3,
        "y": 1
      },
      "1,2": {
        "color": "blue",
        "id": 1,
        "x": 1,
        "y": 2
      },
      "3,2": {
        "color": "blue",
        "id": 1,
        "x": 3,
        "y": 2
      },
      "0,3": {
        "color": "blue",
        "id": 1,
        "x": 0,
        "y": 3
      },
      "2,3": {
        "color": "blue",
        "id": 1,
        "x": 2,
        "y": 3
      },
      "2,4": {
        "color": "blue",
        "id": 1,
        "x": 2,
        "y": 4
      },
      "0,4": {
        "color": "blue",
        "id": 1,
        "x": 0,
        "y": 4
      },
      "1,5": {
        "color": "blue",
        "id": 1,
        "x": 1,
        "y": 5
      },
      "2,5": {
        "color": "blue",
        "id": 1,
        "x": 2,
        "y": 5
      },
      "3,6": {
        "color": "blue",
        "id": 1,
        "x": 3,
        "y": 6
      },
      "1,6": {
        "color": "blue",
        "id": 1,
        "x": 1,
        "y": 6
      },
      "0,7": {
        "color": "blue",
        "id": 1,
        "x": 0,
        "y": 7
      },
      "1,7": {
        "color": "blue",
        "id": 1,
        "x": 1,
        "y": 7
      },
      "3,8": {
        "color": "blue",
        "id": 1,
        "x": 3,
        "y": 8
      },
      "2,8": {
        "color": "blue",
        "id": 1,
        "x": 2,
        "y": 8
      },
      "1,8": {
        "color": "blue",
        "id": 1,
        "x": 1,
        "y": 8
      },
      "0,9": {
        "color": "blue",
        "id": 1,
        "x": 0,
        "y": 9
      }
    },
    "metadata": {
      "description": "",
      "title": "Saurus Sedge Mix",
      "tags": []
    },
    "createdAt": "2024-08-01 00:57:56.676000",
    "updatedAt": "2024-08-01 00:57:56.676000",
    "__v": 0
  }
}