{
  "unknown": {
    "_id": "671850e419a0b5b9926b284b",
    "mediaID": "c112813a5f3b9cec26f95fad982b8d09",
    "timestamp": "2024-06-05 21:32:35",
    "publicURL": "https://urbanriverrangers.s3.amazonaws.com/images/2024/2024-01-30_Learnin_platform_camera_test/DCIM/100MEDIA/SYFW0001.JPG",
    "relativePath": [
      "2024",
      "2024-01-30_Learnin_platform_camera_test",
      "DCIM",
      "100MEDIA",
      "SYFW0001.JPG"
    ],
    "filePath": "images/2024/2024-01-30_Learnin_platform_camera_test/DCIM/100MEDIA/SYFW0001.JPG",
    "filePublic": true,
    "fileName": "SYFW0001.JPG",
    "fileMediatype": "image/jpeg",
    "exifData": {}
  }
}