{
  "_id": [
    "ObjectId"
  ],
  "name": [
    "str"
  ],
  "serial": [
    "str"
  ],
  "purchaseDate": [
    "NoneType",
    "datetime"
  ],
  "connectivity": [
    "str"
  ],
  "model": [
    "str"
  ],
  "manufacturer": [
    "str"
  ],
  "features": {
    "nightVision": [
      "bool"
    ],
    "motionDetection": [
      "bool"
    ],
    "waterproof": [
      "bool"
    ],
    "video": [
      "bool"
    ],
    "audio": [
      "bool"
    ],
    "timeLapse": [
      "bool"
    ]
  },
  "installationDate": [
    "datetime"
  ],
  "createdAt": [
    "datetime"
  ],
  "updatedAt": [
    "datetime"
  ],
  "__v": [
    "int"
  ],
  "comments": {
    "type": "list",
    "items": {}
  },
  "creator": [
    "ObjectId"
  ],
  "notes": [
    "str"
  ]
}