{
  "_id": [
    "ObjectId"
  ],
  "name": [
    "str"
  ],
  "description": [
    "str"
  ],
  "icon": [
    "str"
  ],
  "badge": [
    "str"
  ],
  "level": [
    "int"
  ],
  "type": [
    "str"
  ],
  "domain": [
    "str"
  ],
  "criteria": {
    "type": "list",
    "items": {
      "type": [
        "str"
      ],
      "threshold": [
        "int"
      ],
      "operator": [
        "str"
      ],
      "_id": [
        "ObjectId"
      ]
    }
  },
  "points": [
    "int"
  ],
  "isActive": [
    "bool"
  ],
  "createdAt": [
    "datetime"
  ],
  "updatedAt": [
    "datetime"
  ],
  "__v": [
    "int"
  ]
}