{
  "_id": [
    "ObjectId"
  ],
  "taxonId": [
    "int"
  ],
  "rank": [
    "str"
  ],
  "rank_level": [
    "int"
  ],
  "iconic_taxon_id": [
    "int"
  ],
  "ancestor_ids": {
    "type": "list",
    "items": {},
    "item_type": [
      "int"
    ]
  },
  "is_active": [
    "bool"
  ],
  "name": [
    "str"
  ],
  "parent_id": [
    "int"
  ],
  "ancestry": [
    "str"
  ],
  "extinct": [
    "bool"
  ],
  "default_photo": {
    "license_code": [
      "NoneType",
      "str"
    ],
    "attribution": [
      "str"
    ],
    "url": [
      "str"
    ],
    "tags": {
      "type": "list",
      "items": {}
    },
    "quality": [
      "int"
    ],
    "original": [
      "bool"
    ],
    "original_dimensions": {
      "height": [
        "int"
      ],
      "width": [
        "int"
      ]
    },
    "flags": {
      "type": "list",
      "items": {}
    },
    "square_url": [
      "str"
    ],
    "medium_url": [
      "str"
    ],
    "_id": [
      "ObjectId"
    ]
  },
  "wikipedia_url": [
    "str"
  ],
  "iconic_taxon_name": [
    "str"
  ],
  "preferred_common_name": [
    "str"
  ],
  "observationCount": [
    "int"
  ],
  "photos": {
    "type": "list",
    "items": {}
  },
  "createdAt": [
    "datetime"
  ],
  "updatedAt": [
    "datetime"
  ],
  "__v": [
    "int"
  ],
  "complete_rank": [
    "str"
  ]
}