{
  "_id": [
    "ObjectId"
  ],
  "name": [
    "str"
  ],
  "description": [
    "str"
  ],
  "notes": [
    "str"
  ],
  "decommisioned": [
    "bool"
  ],
  "deleted": [
    "bool"
  ],
  "createdAt": [
    "datetime"
  ],
  "updatedAt": [
    "datetime"
  ],
  "__v": [
    "int"
  ],
  "locationBoundry": {
    "type": "str",
    "coordinates": {
      "type": "list",
      "items": {},
      "item_type": "list"
    },
    "_id": "ObjectId"
  },
  "location": {
    "type": "str",
    "coordinates": {
      "type": "list",
      "items": {},
      "item_type": [
        "float"
      ]
    },
    "_id": "ObjectId"
  },
  "private": "bool",
  "authorizedUsers": {
    "type": "list",
    "items": {},
    "item_type": [
      "ObjectId"
    ]
  },
  "creator": "ObjectId"
}