{
  "_id": [
    "ObjectId"
  ],
  "user": [
    "ObjectId"
  ],
  "level": [
    "int"
  ],
  "totalPoints": [
    "int"
  ],
  "domainRanks": {
    "CAMERATRAP": {
      "currentRank": [
        "NoneType",
        "ObjectId"
      ],
      "points": [
        "int"
      ],
      "_id": [
        "ObjectId"
      ]
    }
  },
  "stats": {
    "imagesReviewed": [
      "int"
    ],
    "animalsObserved": [
      "int"
    ],
    "uniqueSpecies": [
      "int"
    ],
    "consecutiveDays": [
      "int"
    ],
    "blanksLogged": [
      "int"
    ],
    "deploymentsReviewed": [
      "int"
    ],
    "speciesConsensus": [
      "int"
    ],
    "expertVerified": [
      "int"
    ],
    "itemsLogged": [
      "int"
    ],
    "uniqueMaterials": [
      "int"
    ],
    "cleanupEvents": [
      "int"
    ],
    "weightCollected": [
      "int",
      "float"
    ],
    "locationsMonitored": [
      "int"
    ],
    "dataQualityScore": [
      "int"
    ],
    "samplesCollected": [
      "int"
    ],
    "parametersMeasured": [
      "int"
    ],
    "sitesMonitored": [
      "int"
    ],
    "qualityChecksPassed": [
      "int"
    ],
    "consecutiveSampling": [
      "int"
    ]
  },
  "streaks": {
    "current": [
      "int"
    ],
    "longest": [
      "int"
    ],
    "lastLoginDate": [
      "NoneType",
      "datetime"
    ]
  },
  "createdAt": [
    "datetime"
  ],
  "updatedAt": [
    "datetime"
  ],
  "__v": [
    "int"
  ],
  "achievements": {
    "type": "list",
    "items": {
      "achievement": [
        "ObjectId"
      ],
      "earnedAt": [
        "NoneType",
        "datetime"
      ],
      "progress": [
        "int"
      ],
      "_id": [
        "ObjectId"
      ]
    }
  }
}