{
  "_id": [
    "ObjectId"
  ],
  "mediaId": [
    "str"
  ],
  "mediaInfo": {
    "md5": [
      "str"
    ],
    "imageHash": [
      "str"
    ]
  },
  "eventStart": [
    "datetime"
  ],
  "eventEnd": [
    "datetime"
  ],
  "observationLevel": [
    "str"
  ],
  "observationType": [
    "str"
  ],
  "creator": [
    "ObjectId"
  ],
  "__v": [
    "int"
  ],
  "createdAt": [
    "datetime"
  ],
  "updatedAt": [
    "datetime"
  ],
  "taxonId": [
    "str"
  ],
  "scientificName": [
    "str"
  ],
  "count": [
    "int"
  ]
}