{
  "_id": [
    "ObjectId"
  ],
  "photos": {
    "type": "list",
    "items": {}
  },
  "scientificName": [
    "str"
  ],
  "commonName": [
    "str"
  ],
  "notes": [
    "str"
  ],
  "botanicPhoto": [
    "NoneType",
    "str"
  ],
  "createdAt": [
    "datetime"
  ],
  "updatedAt": [
    "datetime"
  ],
  "__v": [
    "int"
  ],
  "author": [
    "str"
  ],
  "bibliography": [
    "str"
  ],
  "common_name": [
    "NoneType",
    "str"
  ],
  "family": [
    "str"
  ],
  "family_common_name": [
    "NoneType",
    "str"
  ],
  "genus": [
    "str"
  ],
  "genus_id": [
    "int"
  ],
  "id": [
    "int"
  ],
  "image_url": [
    "NoneType",
    "str"
  ],
  "links": {
    "self": [
      "str"
    ],
    "plant": [
      "str"
    ],
    "genus": [
      "str"
    ]
  },
  "rank": [
    "str"
  ],
  "scientific_name": [
    "str"
  ],
  "slug": [
    "str"
  ],
  "status": [
    "NoneType",
    "str"
  ],
  "synonyms": {
    "type": "list",
    "items": {
      "id": [
        "int"
      ],
      "name": [
        "str"
      ],
      "author": [
        "str"
      ],
      "sources": {
        "type": "list",
        "items": {
          "last_update": [
            "str"
          ],
          "id": [
            "str"
          ],
          "name": [
            "str"
          ],
          "url": [
            "str"
          ],
          "citation": [
            "str"
          ]
        }
      }
    },
    "item_type": [
      "str"
    ]
  },
  "year": [
    "int"
  ],
  "thumbnail": [
    "str"
  ],
  "images": {
    "type": "list",
    "items": {
      "url": [
        "str"
      ],
      "tags": {
        "type": "list",
        "items": {},
        "item_type": [
          "str"
        ]
      },
      "description": [
        "str"
      ],
      "quality": [
        "int"
      ],
      "original": [
        "bool"
      ],
      "_id": [
        "str",
        "ObjectId"
      ]
    },
    "flower": {
      "type": "list",
      "items": {
        "id": [
          "int"
        ],
        "image_url": [
          "str"
        ],
        "copyright": [
          "str"
        ]
      }
    },
    "leaf": {
      "type": "list",
      "items": {
        "id": [
          "int"
        ],
        "image_url": [
          "str"
        ],
        "copyright": [
          "str"
        ]
      }
    },
    "habit": {
      "type": "list",
      "items": {
        "id": [
          "int"
        ],
        "image_url": [
          "str"
        ],
        "copyright": [
          "str"
        ]
      }
    },
    "bark": {
      "type": "list",
      "items": {
        "id": [
          "int"
        ],
        "image_url": [
          "str"
        ],
        "copyright": [
          "str"
        ]
      }
    },
    "fruit": {
      "type": "list",
      "items": {
        "id": [
          "int"
        ],
        "image_url": [
          "str"
        ],
        "copyright": [
          "str"
        ]
      }
    },
    "": {
      "type": "list",
      "items": {
        "id": "int",
        "image_url": "str",
        "copyright": "str"
      }
    }
  },
  "color": {
    "family": [
      "str"
    ],
    "main": [
      "str"
    ],
    "accent": [
      "str"
    ],
    "swatches": {
      "type": "list",
      "items": {}
    }
  },
  "tags": {
    "type": "list",
    "items": {},
    "item_type": [
      "str"
    ]
  },
  "common_names": {
    "deu": {
      "type": "list",
      "items": {},
      "item_type": [
        "str"
      ]
    },
    "eng": {
      "type": "list",
      "items": {},
      "item_type": [
        "str"
      ]
    },
    "fra": {
      "type": "list",
      "items": {},
      "item_type": [
        "str"
      ]
    },
    "en": {
      "type": "list",
      "items": {},
      "item_type": [
        "str"
      ]
    },
    "de": {
      "type": "list",
      "items": {},
      "item_type": [
        "str"
      ]
    },
    "swe": {
      "type": "list",
      "items": {},
      "item_type": "str"
    },
    "ces": {
      "type": "list",
      "items": {},
      "item_type": "str"
    },
    "cs": {
      "type": "list",
      "items": {},
      "item_type": "str"
    },
    "fr": {
      "type": "list",
      "items": {},
      "item_type": "str"
    },
    "sv": {
      "type": "list",
      "items": {},
      "item_type": "str"
    }
  },
  "distribution": {
    "native": {
      "type": "list",
      "items": {},
      "item_type": [
        "str"
      ]
    },
    "introduced": {
      "type": "list",
      "items": {},
      "item_type": [
        "str"
      ]
    }
  },
  "distributions": {
    "native": {
      "type": "list",
      "items": {
        "id": [
          "int"
        ],
        "name": [
          "str"
        ],
        "slug": [
          "str"
        ],
        "tdwg_code": [
          "str"
        ],
        "tdwg_level": [
          "int"
        ],
        "species_count": [
          "int"
        ],
        "links": {
          "self": [
            "str"
          ],
          "plants": [
            "str"
          ],
          "species": [
            "str"
          ]
        }
      }
    },
    "introduced": {
      "type": "list",
      "items": {
        "id": [
          "int"
        ],
        "name": [
          "str"
        ],
        "slug": [
          "str"
        ],
        "tdwg_code": [
          "str"
        ],
        "tdwg_level": [
          "int"
        ],
        "species_count": [
          "int"
        ],
        "links": {
          "self": [
            "str"
          ],
          "plants": [
            "str"
          ],
          "species": [
            "str"
          ]
        }
      }
    }
  },
  "duration": [
    "NoneType"
  ],
  "edible": [
    "bool"
  ],
  "edible_part": [
    "NoneType"
  ],
  "flower": {
    "color": [
      "NoneType"
    ],
    "conspicuous": [
      "NoneType"
    ]
  },
  "foliage": {
    "texture": [
      "NoneType"
    ],
    "color": [
      "NoneType"
    ],
    "leaf_retention": [
      "NoneType"
    ]
  },
  "fruit_or_seed": {
    "conspicuous": [
      "NoneType"
    ],
    "color": [
      "NoneType"
    ],
    "shape": [
      "NoneType"
    ],
    "seed_persistence": [
      "NoneType"
    ]
  },
  "growth": {
    "description": [
      "NoneType"
    ],
    "sowing": [
      "NoneType"
    ],
    "days_to_harvest": [
      "NoneType"
    ],
    "row_spacing": {
      "cm": [
        "NoneType"
      ]
    },
    "spread": {
      "cm": [
        "NoneType"
      ]
    },
    "ph_maximum": [
      "NoneType"
    ],
    "ph_minimum": [
      "NoneType"
    ],
    "light": [
      "NoneType"
    ],
    "atmospheric_humidity": [
      "NoneType"
    ],
    "growth_months": [
      "NoneType"
    ],
    "bloom_months": [
      "NoneType"
    ],
    "fruit_months": [
      "NoneType"
    ],
    "minimum_precipitation": {
      "mm": [
        "NoneType"
      ]
    },
    "maximum_precipitation": {
      "mm": [
        "NoneType"
      ]
    },
    "minimum_root_depth": {
      "cm": [
        "NoneType"
      ]
    },
    "minimum_temperature": {
      "deg_f": [
        "NoneType"
      ],
      "deg_c": [
        "NoneType"
      ]
    },
    "maximum_temperature": {
      "deg_f": [
        "NoneType"
      ],
      "deg_c": [
        "NoneType"
      ]
    },
    "soil_nutriments": [
      "NoneType"
    ],
    "soil_salinity": [
      "NoneType"
    ],
    "soil_texture": [
      "NoneType"
    ],
    "soil_humidity": [
      "NoneType"
    ]
  },
  "observations": [
    "str"
  ],
  "sources": {
    "type": "list",
    "items": {
      "last_update": [
        "str"
      ],
      "id": [
        "str"
      ],
      "name": [
        "str"
      ],
      "url": [
        "NoneType",
        "str"
      ],
      "citation": [
        "NoneType",
        "str"
      ]
    }
  },
  "specifications": {
    "ligneous_type": [
      "NoneType"
    ],
    "growth_form": [
      "NoneType"
    ],
    "growth_habit": [
      "str"
    ],
    "growth_rate": [
      "NoneType"
    ],
    "average_height": {
      "cm": [
        "NoneType"
      ]
    },
    "maximum_height": {
      "cm": [
        "NoneType"
      ]
    },
    "nitrogen_fixation": [
      "NoneType"
    ],
    "shape_and_orientation": [
      "NoneType"
    ],
    "toxicity": [
      "NoneType"
    ]
  },
  "vegetable": [
    "bool"
  ]
}