{
  "unknown": {
    "_id": "67255d56aae4d901ce8df0d1",
    "locationName": "EastSideGooseIsland-giog-2",
    "location": {
      "type": "Point",
      "coordinates": [
        -87.65684107188882,
        41.90248639858393
      ],
      "_id": "6726cf66642311c3d1923eea"
    },
    "tags": [
      "beavercam"
    ],
    "mount": "",
    "favorite": false,
    "notes": "",
    "retired": false,
    "creator": "5e94888191fc50001775feb5",
    "createdAt": "2024-11-01 22:59:34.169000",
    "updatedAt": "2024-11-03 01:18:30.572000",
    "__v": 0,
    "projectArea": "EastSideGooseIsland",
    "zone": "giog"
  }
}