{
  "unknown": {
    "_id": "68540cf53f4cf01b6e11f314",
    "mediaId": "39bce853d60b123c9bdb4317f5990007",
    "mediaInfo": {
      "md5": "39bce853d60b123c9bdb4317f5990007",
      "imageHash": "be6be26c2719c73ce0748eeda121b029"
    },
    "eventStart": "2024-05-31 13:20:31",
    "eventEnd": "2024-05-31 13:20:31",
    "observationLevel": "media",
    "observationType": "animal",
    "taxonId": "51271",
    "scientificName": "Trachemys scripta elegans",
    "count": 3,
    "boundingBoxes": [
      {
        "bboxX": 0.5522284322710179,
        "bboxY": 0.33621877135623757,
        "bboxWidth": 0.14477611940298507,
        "bboxHeight": 0.07952286282306163
      },
      {
        "bboxX": 0.38058664122624186,
        "bboxY": 0.4316462067439115,
        "bboxWidth": 0.14776119402985075,
        "bboxHeight": 0.09741550695825049
      },
      {
        "bboxX": 0.010437387494898554,
        "bboxY": 0.6264772206604126,
        "bboxWidth": 0.18507462686567164,
        "bboxHeight": 0.15308151093439365
      }
    ],
    "creator": "683f486421c406ebaaac857e",
    "__v": 0,
    "createdAt": "2025-06-19 13:13:25.745000",
    "updatedAt": "2025-06-19 13:13:25.745000"
  }
}