{
  "unknown": {
    "_id": "671a9cc9387131d90b7ce1a7",
    "mediaID": "9cfa4f6626f60c546903ed11d3884186",
    "imageHash": "ec661f4fac72a11cffe0c0ed49607c8d",
    "timestamp": "2023-12-12 11:51:59",
    "publicURL": "https://urbanriverrangers.s3.amazonaws.com/images/2024/2024-02-01_16-41-42/DCIM/100SYCAM/SYEW0380.JPG",
    "relativePath": [
      "2024",
      "2024-02-01_16-41-42",
      "DCIM",
      "100SYCAM",
      "SYEW0380.JPG"
    ],
    "filePath": "images/2024/2024-02-01_16-41-42/DCIM/100SYCAM/SYEW0380.JPG",
    "filePublic": true,
    "fileName": "SYEW0380.JPG",
    "fileMediatype": "image/jpeg",
    "exifData": {
      "GPSInfo": {
        "GPSLatitudeRef": "N",
        "GPSLatitude": [
          41.84808,
          0.0,
          5.01126530184786e-10,
          1.0000000020045061,
          0.0,
          1.5,
          1.0227025693467102e-09,
          1.0227040503723471e-09
        ],
        "GPSLongitudeRef": "W",
        "GPSLongitude": [
          87.65022,
          0.0,
          0.9999998772756842,
          0.9999999550010878,
          0.034482758620689655,
          5.01126530184786e-10,
          1.0000000020045061,
          0.0
        ]
      },
      "Make": "TC\u0000\u0000\u0000\u0000\u0000\u0000\u0000\u0000\u0000\u0000\u0000\u0000\u0000\u0000\u0000\u0000\u0000\u0000\u0000\u0000\u0000\u0000\u0000\u0000\u0000\u0000\u0000\u0000\u0000\u0000\u0000\u0000\u0000\u0000\u0000\u0000\u0000\u0000\u0000\u0000\u0000\u0000\u0000\u0000\u0000\u0000\u0000\u0000\u0000\u0000\u0000\u0000\u0000\u0000\u0000\u0000\u0000\u0000\u0000\u0000\u0000",
      "Model": "REVEAL_SK\u0000\u0000\u0000\u0000\u0000\u0000\u0000\u0000\u0000\u0000\u0000\u0000\u0000\u0000\u0000\u0000\u0000\u0000\u0000\u0000\u0000\u0000\u0000\u0000\u0000\u0000\u0000\u0000\u0000\u0000\u0000\u0000\u0000\u0000\u0000\u0000\u0000\u0000\u0000\u0000\u0000\u0000\u0000\u0000\u0000\u0000\u0000\u0000\u0000\u0000\u0000\u0000\u0000\u0000",
      "Software": "R4.0",
      "DateTime": "2023-12-12 11:51:59",
      "DateTimeOriginal": "2023-12-12 11:51:59",
      "FocalLength": 0.0,
      "ExposureTime": 0.0009000900090009,
      "FNumber": 2.8,
      "ISOSpeedRatings": 100,
      "location": [
        -87.65022,
        41.84808
      ]
    },
    "exifExtracted": true,
    "createdAt": "2024-10-24 18:53:35.531000",
    "fileLocations": [
      {
        "publicURL": "https://urbanriverrangers.s3.amazonaws.com/images/2024/2024-02-01_16-41-42/DCIM/100SYCAM/SYEW0380.JPG",
        "relativePath": [
          "2024",
          "2024-02-01_16-41-42",
          "DCIM",
          "100SYCAM",
          "SYEW0380.JPG"
        ],
        "filePath": "images/2024/2024-02-01_16-41-42/DCIM/100SYCAM/SYEW0380.JPG",
        "filePublic": true,
        "fileName": "SYEW0380.JPG",
        "createdAt": "2024-10-24 18:53:35.531000"
      }
    ],
    "__v": 3,
    "accepted": false,
    "consensusStatus": "Pending",
    "favoriteCount": 0,
    "favorites": [],
    "lastObservation": "2025-01-28 01:57:07.406000",
    "mediaComments": [],
    "observations": [
      "67216c2d44f6d8c605a3ea4d",
      "67216c2d44f6d8c605a3ea4e",
      "67983973a1365b5e4400c776"
    ],
    "reviewCount": 1,
    "reviewed": false,
    "reviewers": [
      "5e94888191fc50001775feb5"
    ],
    "speciesConsensus": [
      {
        "observationType": "animal",
        "scientificName": "Lithobates catesbeianus",
        "taxonID": "Lithobates catesbeianus",
        "count": 1,
        "accepted": false,
        "observationCount": 1,
        "_id": "67983973a1365b5e4400c77d"
      },
      {
        "observationType": "animal",
        "scientificName": "Canis latrans",
        "taxonID": "Canis latrans",
        "count": 1,
        "accepted": false,
        "observationCount": 1,
        "_id": "67983973a1365b5e4400c77e"
      },
      {
        "observationType": "blank",
        "scientificName": null,
        "taxonID": null,
        "count": 1,
        "accepted": false,
        "observationCount": 1,
        "_id": "67983973a1365b5e4400c77f"
      }
    ],
    "updatedAt": "2025-01-28 01:57:07.407000",
    "deploymentId": "6727fe865cc879df9809011b",
    "favorite": false,
    "flagged": false,
    "needsReview": false,
    "removed": false,
    "aiResults": [
      {
        "modelName": "speciesnet/PyTorch/v4.0.1a",
        "runDate": "2025-05-24",
        "confBlank": 0.81,
        "confHuman": 0.19,
        "confAnimal": 0.0
      }
    ]
  }
}